t_s,maneuver,joint,model,cmd_pos,cmd_vel,cmd_tau,cmd_kp,cmd_kd,fb_pos,fb_vel,fb_tau,fb_temp
0.000001,noload-speed,hip_abduction_right_joint,RS03,3.149503,0.000000,0.000003,0.0000,0.0000,3.149503,0.064392,-0.000916,31.00
0.008039,noload-speed,hip_abduction_right_joint,RS03,3.149503,0.000000,0.048236,0.0000,0.0000,3.149503,0.199892,-0.013733,31.00
0.016014,noload-speed,hip_abduction_right_joint,RS03,3.149503,0.000000,0.096086,0.0000,0.0000,3.149503,0.009460,-0.063171,31.00
0.024006,noload-speed,hip_abduction_right_joint,RS03,3.149503,0.000000,0.144034,0.0000,0.0000,3.149503,0.073547,-0.011902,31.00
0.032003,noload-speed,hip_abduction_right_joint,RS03,3.149503,0.000000,0.192020,0.0000,0.0000,3.149503,0.116884,0.070496,31.00
0.040003,noload-speed,hip_abduction_right_joint,RS03,3.149503,0.000000,0.240017,0.0000,0.0000,3.149503,0.076599,0.070496,31.00
0.047999,noload-speed,hip_abduction_right_joint,RS03,3.149886,0.000000,0.287996,0.0000,0.0000,3.149886,0.069885,0.110779,31.00
0.056001,noload-speed,hip_abduction_right_joint,RS03,3.149886,0.000000,0.336005,0.0000,0.0000,3.149886,-0.012512,0.134583,31.00
0.064002,noload-speed,hip_abduction_right_joint,RS03,3.150270,0.000000,0.384011,0.0000,0.0000,3.150270,0.025940,0.204163,31.00
0.072001,noload-speed,hip_abduction_right_joint,RS03,3.150270,0.000000,0.432003,0.0000,0.0000,3.150270,0.065002,0.200500,31.00
0.080000,noload-speed,hip_abduction_right_joint,RS03,3.151036,0.000000,0.479997,0.0000,0.0000,3.151036,0.163881,0.213318,31.00
0.088001,noload-speed,hip_abduction_right_joint,RS03,3.151420,0.000000,0.528007,0.0000,0.0000,3.151420,0.183413,0.251778,31.00
0.096002,noload-speed,hip_abduction_right_joint,RS03,3.152571,0.000000,0.576010,0.0000,0.0000,3.152571,0.148012,0.185852,31.00
0.104001,noload-speed,hip_abduction_right_joint,RS03,3.154104,0.000000,0.624006,0.0000,0.0000,3.154104,0.262150,0.173035,31.00
0.112001,noload-speed,hip_abduction_right_joint,RS03,3.156405,0.000000,0.672004,0.0000,0.0000,3.156405,0.431221,0.158386,31.00
0.119999,noload-speed,hip_abduction_right_joint,RS03,3.159473,0.000000,0.719994,0.0000,0.0000,3.159473,0.470284,0.151062,31.00
0.127999,noload-speed,hip_abduction_right_joint,RS03,3.162925,0.000000,0.767996,0.0000,0.0000,3.162925,0.466011,0.431221,31.00
0.136000,noload-speed,hip_abduction_right_joint,RS03,3.166759,0.000000,0.816000,0.0000,0.0000,3.166759,0.494698,0.672920,31.00
0.144001,noload-speed,hip_abduction_right_joint,RS03,3.170211,0.000000,0.864005,0.0000,0.0000,3.170211,0.413521,0.713211,31.00
0.152003,noload-speed,hip_abduction_right_joint,RS03,3.173662,0.000000,0.912018,0.0000,0.0000,3.173662,0.433052,0.585030,31.00
0.160253,noload-speed,hip_abduction_right_joint,RS03,3.177881,0.000000,0.961520,0.0000,0.0000,3.177881,0.674143,0.433052,31.00
0.168041,noload-speed,hip_abduction_right_joint,RS03,3.182483,0.000000,1.008247,0.0000,0.0000,3.182483,0.506294,0.396431,31.00
0.176082,noload-speed,hip_abduction_right_joint,RS03,3.187469,0.000000,1.056491,0.0000,0.0000,3.187469,0.700998,0.372627,31.00
0.184070,noload-speed,hip_abduction_right_joint,RS03,3.193989,0.000000,1.104420,0.0000,0.0000,3.193989,0.897537,0.266426,31.00
0.192034,noload-speed,hip_abduction_right_joint,RS03,3.200892,0.000000,1.152203,0.0000,0.0000,3.200892,0.873123,0.760818,31.00
0.204009,noload-speed,hip_abduction_right_joint,RS03,3.212013,0.000000,1.224053,0.0000,0.0000,3.212013,0.873123,0.645454,31.00
0.212001,noload-speed,hip_abduction_right_joint,RS03,3.220067,0.000000,1.272006,0.0000,0.0000,3.220067,1.098955,0.372627,31.00
0.220009,noload-speed,hip_abduction_right_joint,RS03,3.229271,0.000000,1.320053,0.0000,0.0000,3.229271,1.188679,0.361641,31.00
0.228004,noload-speed,hip_abduction_right_joint,RS03,3.239625,0.000000,1.368021,0.0000,0.0000,3.239625,1.388876,0.819412,31.00
0.236004,noload-speed,hip_abduction_right_joint,RS03,3.249980,0.000000,1.416026,0.0000,0.0000,3.249980,1.221027,0.749832,31.00
0.244003,noload-speed,hip_abduction_right_joint,RS03,3.262252,0.000000,1.464018,0.0000,0.0000,3.262252,1.591515,0.458687,31.00
0.252004,noload-speed,hip_abduction_right_joint,RS03,3.274907,0.000000,1.512023,0.0000,0.0000,3.274907,1.681240,0.856033,31.00
0.260001,noload-speed,hip_abduction_right_joint,RS03,3.288329,0.000000,1.560009,0.0000,0.0000,3.288329,1.852751,0.528267,31.00
0.268000,noload-speed,hip_abduction_right_joint,RS03,3.303287,0.000000,1.608001,0.0000,0.0000,3.303287,2.018768,0.799271,31.00
0.275999,noload-speed,hip_abduction_right_joint,RS03,3.319010,0.000000,1.655996,0.0000,0.0000,3.319010,2.021820,0.744339,31.00
0.284002,noload-speed,hip_abduction_right_joint,RS03,3.335501,0.000000,1.704014,0.0000,0.0000,3.335501,2.281836,0.704056,31.00
0.292001,noload-speed,hip_abduction_right_joint,RS03,3.353525,0.000000,1.752004,0.0000,0.0000,3.353525,2.303808,0.812088,31.00
0.300067,noload-speed,hip_abduction_right_joint,RS03,3.373083,0.000000,1.800405,0.0000,0.0000,3.373083,2.457619,0.802933,31.00
0.308134,noload-speed,hip_abduction_right_joint,RS03,3.393793,0.000000,1.848801,0.0000,0.0000,3.393793,2.597391,0.596016,31.00
0.320008,noload-speed,hip_abduction_right_joint,RS03,3.426774,0.000000,1.920049,0.0000,0.0000,3.426774,2.916000,0.696724,31.00
0.332004,noload-speed,hip_abduction_right_joint,RS03,3.462823,0.000000,1.992021,0.0000,0.0000,3.462823,3.143663,0.623482,31.00
0.340005,noload-speed,hip_abduction_right_joint,RS03,3.488902,0.000000,2.040029,0.0000,0.0000,3.488902,3.234608,0.867020,31.00
0.348001,noload-speed,hip_abduction_right_joint,RS03,3.516129,0.000000,2.088003,0.0000,0.0000,3.516129,3.566645,1.103226,31.00
0.355998,noload-speed,hip_abduction_right_joint,RS03,3.544892,0.000000,2.135988,0.0000,0.0000,3.544892,3.710079,0.731522,31.00
0.363999,noload-speed,hip_abduction_right_joint,RS03,3.575189,0.000000,2.183995,0.0000,0.0000,3.575189,3.863890,0.793777,31.00
0.371999,noload-speed,hip_abduction_right_joint,RS03,3.607020,0.000000,2.231995,0.0000,0.0000,3.607020,4.123291,0.669258,31.00
0.379999,noload-speed,hip_abduction_right_joint,RS03,3.640767,0.000000,2.279995,0.0000,0.0000,3.640767,4.219120,0.720535,31.00
0.388000,noload-speed,hip_abduction_right_joint,RS03,3.676433,0.000000,2.327998,0.0000,0.0000,3.676433,4.518806,0.716873,31.00
0.395999,noload-speed,hip_abduction_right_joint,RS03,3.713634,0.000000,2.375994,0.0000,0.0000,3.713634,4.615856,0.823074,31.00
0.403998,noload-speed,hip_abduction_right_joint,RS03,3.752749,0.000000,2.423990,0.0000,0.0000,3.752749,4.971085,0.861526,31.00
0.411997,noload-speed,hip_abduction_right_joint,RS03,3.793401,0.000000,2.471982,0.0000,0.0000,3.793401,5.156023,1.117874,31.00
0.419998,noload-speed,hip_abduction_right_joint,RS03,3.836352,0.000000,2.519988,0.0000,0.0000,3.836352,5.246967,1.150833,31.00
0.427997,noload-speed,hip_abduction_right_joint,RS03,3.881223,0.000000,2.567982,0.0000,0.0000,3.881223,5.670557,0.920120,31.00
0.435998,noload-speed,hip_abduction_right_joint,RS03,3.927627,0.000000,2.615988,0.0000,0.0000,3.927627,5.946442,0.916458,31.00
0.443998,noload-speed,hip_abduction_right_joint,RS03,3.975947,0.000000,2.663989,0.0000,0.0000,3.975947,5.966583,1.310143,31.00
0.451998,noload-speed,hip_abduction_right_joint,RS03,4.026568,0.000000,2.711989,0.0000,0.0000,4.026568,6.529335,0.883499,31.00
0.459998,noload-speed,hip_abduction_right_joint,RS03,4.079494,0.000000,2.759990,0.0000,0.0000,4.079494,6.680706,1.321129,31.00
0.467997,noload-speed,hip_abduction_right_joint,RS03,4.134717,0.000000,2.807980,0.0000,0.0000,4.134717,7.059738,1.086746,31.00
0.475997,noload-speed,hip_abduction_right_joint,RS03,4.191859,0.000000,2.855980,0.0000,0.0000,4.191859,7.401541,1.037308,31.00
0.483998,noload-speed,hip_abduction_right_joint,RS03,4.251300,0.000000,2.903988,0.0000,0.0000,4.251300,7.459526,1.409019,31.00
0.492000,noload-speed,hip_abduction_right_joint,RS03,4.313045,0.000000,2.951999,0.0000,0.0000,4.313045,7.801937,1.165482,31.00
0.500001,noload-speed,hip_abduction_right_joint,RS03,4.377090,0.000000,3.000009,0.0000,0.0000,4.377090,8.083315,1.020828,31.00
0.508001,noload-speed,hip_abduction_right_joint,RS03,4.443818,0.000000,3.048005,0.0000,0.0000,4.443818,8.458687,1.112381,31.00
0.515998,noload-speed,hip_abduction_right_joint,RS03,4.513232,0.000000,3.095985,0.0000,0.0000,4.513232,8.702831,1.075760,31.00
0.524139,noload-speed,hip_abduction_right_joint,RS03,4.584563,0.000000,3.144834,0.0000,0.0000,4.584563,9.070877,1.079422,31.00
0.532010,noload-speed,hip_abduction_right_joint,RS03,4.658961,0.000000,3.192061,0.0000,0.0000,4.658961,9.417562,1.220421,31.00
0.540000,noload-speed,hip_abduction_right_joint,RS03,4.734895,0.000000,3.240002,0.0000,0.0000,4.734895,9.728848,1.410851,31.00
0.547999,noload-speed,hip_abduction_right_joint,RS03,4.814664,0.000000,3.287997,0.0000,0.0000,4.814664,10.118258,1.599449,31.00
0.555999,noload-speed,hip_abduction_right_joint,RS03,4.896733,0.000000,3.335991,0.0000,0.0000,4.896733,10.337986,1.154495,31.00
0.563999,noload-speed,hip_abduction_right_joint,RS03,4.981105,0.000000,3.383995,0.0000,0.0000,4.981105,10.512550,1.443810,31.00
0.571997,noload-speed,hip_abduction_right_joint,RS03,5.068542,0.000000,3.431984,0.0000,0.0000,5.068542,11.072863,1.211266,31.00
0.580049,noload-speed,hip_abduction_right_joint,RS03,5.158282,0.000000,3.480292,0.0000,0.0000,5.158282,11.509880,1.626915,31.00
0.588047,noload-speed,hip_abduction_right_joint,RS03,5.252238,0.000000,3.528285,0.0000,0.0000,5.252238,11.804075,1.225914,31.00
0.596009,noload-speed,hip_abduction_right_joint,RS03,5.348113,0.000000,3.576056,0.0000,0.0000,5.348113,12.166630,1.279015,31.00
0.604006,noload-speed,hip_abduction_right_joint,RS03,5.446290,0.000000,3.624035,0.0000,0.0000,5.446290,12.456551,1.511559,31.00
0.612007,noload-speed,hip_abduction_right_joint,RS03,5.548303,0.000000,3.672041,0.0000,0.0000,5.548303,12.964371,1.795380,31.00
0.620005,noload-speed,hip_abduction_right_joint,RS03,5.653382,0.000000,3.720031,0.0000,0.0000,5.653382,13.301899,1.669037,31.00
0.628003,noload-speed,hip_abduction_right_joint,RS03,5.761912,0.000000,3.768018,0.0000,0.0000,5.761912,13.635155,1.639732,31.00
0.636008,noload-speed,hip_abduction_right_joint,RS03,5.872745,0.000000,3.816046,0.0000,0.0000,5.872745,14.103912,1.522545,31.00
0.644012,noload-speed,hip_abduction_right_joint,RS03,5.987411,0.000000,3.864074,0.0000,0.0000,5.987411,14.492104,1.330284,31.00
0.652002,noload-speed,hip_abduction_right_joint,RS03,6.104762,0.000000,3.912015,0.0000,0.0000,6.104762,14.899822,1.828339,31.00
0.660006,noload-speed,hip_abduction_right_joint,RS03,6.226331,0.000000,3.960038,0.0000,0.0000,6.226331,15.339283,1.593956,31.00
0.667998,noload-speed,hip_abduction_right_joint,RS03,6.350587,0.000000,4.007990,0.0000,0.0000,6.350587,15.656670,1.817352,31.00
0.676003,noload-speed,hip_abduction_right_joint,RS03,6.478292,0.000000,4.056017,0.0000,0.0000,6.478292,16.150452,1.617760,31.00
0.684002,noload-speed,hip_abduction_right_joint,RS03,6.609832,0.000000,4.104012,0.0000,0.0000,6.609832,16.577705,1.698334,31.00
0.692394,noload-speed,hip_abduction_right_joint,RS03,6.749043,0.000000,4.154361,0.0000,0.0000,6.749043,16.963455,1.608604,31.00
0.700027,noload-speed,hip_abduction_right_joint,RS03,6.882117,0.000000,4.200160,0.0000,0.0000,6.882117,17.427330,1.919891,31.00
0.708014,noload-speed,hip_abduction_right_joint,RS03,7.023631,0.000000,4.248086,0.0000,0.0000,7.023631,17.824673,1.478600,31.00
0.716007,noload-speed,hip_abduction_right_joint,RS03,7.167827,0.000000,4.296042,0.0000,0.0000,7.167827,18.252537,1.145340,31.00
0.724005,noload-speed,hip_abduction_right_joint,RS03,7.318160,0.000000,4.344029,0.0000,0.0000,7.318160,18.885483,2.168919,31.00
0.732003,noload-speed,hip_abduction_right_joint,RS03,7.471942,0.000000,4.392020,0.0000,0.0000,7.471942,19.326775,1.945526,31.00
0.740001,noload-speed,hip_abduction_right_joint,RS03,7.629178,0.000000,4.440004,0.0000,0.0000,7.629178,20.000000,2.004120,31.00
0.748000,noload-speed,hip_abduction_right_joint,RS03,7.792165,0.000000,4.488001,0.0000,0.0000,7.792165,20.000000,-0.043030,31.00
0.756001,noload-speed,hip_abduction_right_joint,RS03,7.958989,0.000000,4.536003,0.0000,0.0000,7.958989,20.000000,1.123367,31.00
0.763998,noload-speed,hip_abduction_right_joint,RS03,8.128497,0.000000,4.583987,0.0000,0.0000,8.128497,20.000000,0.731522,31.00
0.771998,noload-speed,hip_abduction_right_joint,RS03,8.297622,0.000000,4.631988,0.0000,0.0000,8.297622,20.000000,0.799271,31.00
0.779998,noload-speed,hip_abduction_right_joint,RS03,8.467511,0.000000,4.679986,0.0000,0.0000,8.467511,20.000000,0.121765,31.00
0.787997,noload-speed,hip_abduction_right_joint,RS03,8.637403,0.000000,4.727984,0.0000,0.0000,8.637403,20.000000,-0.022888,31.00
0.795999,noload-speed,hip_abduction_right_joint,RS03,8.808061,0.000000,4.775991,0.0000,0.0000,8.808061,20.000000,-0.526436,31.00
0.803997,noload-speed,hip_abduction_right_joint,RS03,8.978333,0.000000,4.823982,0.0000,0.0000,8.978333,20.000000,-0.568550,31.00
0.811999,noload-speed,hip_abduction_right_joint,RS03,9.148993,0.000000,4.871991,0.0000,0.0000,9.148993,20.000000,-0.422066,31.00
0.819998,noload-speed,hip_abduction_right_joint,RS03,9.319652,0.000000,4.919988,0.0000,0.0000,9.319652,20.000000,0.520943,31.00
0.827998,noload-speed,hip_abduction_right_joint,RS03,9.490693,0.000000,4.967987,0.0000,0.0000,9.490693,20.000000,0.456856,31.00
0.835998,noload-speed,hip_abduction_right_joint,RS03,9.661349,0.000000,5.015988,0.0000,0.0000,9.661349,20.000000,0.630806,31.00
0.843998,noload-speed,hip_abduction_right_joint,RS03,9.832391,0.000000,5.063986,0.0000,0.0000,9.832391,20.000000,0.603340,31.00
0.851996,noload-speed,hip_abduction_right_joint,RS03,10.003051,0.000000,5.111973,0.0000,0.0000,10.003051,20.000000,0.478828,31.00
0.859997,noload-speed,hip_abduction_right_joint,RS03,10.173709,0.000000,5.159985,0.0000,0.0000,10.173709,20.000000,-0.475166,31.00
0.868002,noload-speed,hip_abduction_right_joint,RS03,10.344748,0.000000,5.208013,0.0000,0.0000,10.344748,20.000000,-0.368965,31.00
0.875998,noload-speed,hip_abduction_right_joint,RS03,10.515407,0.000000,5.255988,0.0000,0.0000,10.515407,20.000000,-0.601513,31.00
0.883997,noload-speed,hip_abduction_right_joint,RS03,10.685681,0.000000,5.303984,0.0000,0.0000,10.685681,20.000000,-0.346989,31.00
0.891998,noload-speed,hip_abduction_right_joint,RS03,10.856725,0.000000,5.351988,0.0000,0.0000,10.856725,20.000000,0.094299,31.00
0.899997,noload-speed,hip_abduction_right_joint,RS03,11.026998,0.000000,5.399982,0.0000,0.0000,11.026998,20.000000,0.330513,31.00
0.907998,noload-speed,hip_abduction_right_joint,RS03,11.197656,0.000000,5.447988,0.0000,0.0000,11.197656,20.000000,0.821243,31.00
0.915998,noload-speed,hip_abduction_right_joint,RS03,11.368314,0.000000,5.495987,0.0000,0.0000,11.368314,20.000000,0.310371,31.00
0.923998,noload-speed,hip_abduction_right_joint,RS03,11.538589,0.000000,5.543987,0.0000,0.0000,11.538589,20.000000,0.473335,31.00
0.931997,noload-speed,hip_abduction_right_joint,RS03,11.708861,0.000000,5.591985,0.0000,0.0000,11.708861,20.000000,-0.306705,31.00
0.939998,noload-speed,hip_abduction_right_joint,RS03,11.879138,0.000000,5.639987,0.0000,0.0000,11.879138,20.000000,-0.361641,31.00
0.947997,noload-speed,hip_abduction_right_joint,RS03,12.049413,0.000000,5.687982,0.0000,0.0000,12.049413,20.000000,-0.856033,31.00
0.955998,noload-speed,hip_abduction_right_joint,RS03,12.219686,0.000000,5.735988,0.0000,0.0000,12.219686,20.000000,0.185852,31.00
0.963998,noload-speed,hip_abduction_right_joint,RS03,12.390344,0.000000,5.783988,0.0000,0.0000,12.390344,20.000000,0.105286,31.00
0.971997,noload-speed,hip_abduction_right_joint,RS03,12.560618,0.000000,5.831980,0.0000,0.0000,12.560618,20.000000,1.343102,31.00
0.979998,noload-speed,hip_abduction_right_joint,RS03,-12.394563,0.000000,5.879989,0.0000,0.0000,-12.394563,20.000000,0.495308,31.00
0.987998,noload-speed,hip_abduction_right_joint,RS03,-12.223905,0.000000,5.927987,0.0000,0.0000,-12.223905,20.000000,1.181969,31.00
0.995997,noload-speed,hip_abduction_right_joint,RS03,-12.053630,0.000000,5.975983,0.0000,0.0000,-12.053630,20.000000,0.032043,31.00
1.003998,noload-speed,hip_abduction_right_joint,RS03,-11.882972,0.000000,6.023986,0.0000,0.0000,-11.882972,20.000000,0.178528,31.00
1.011997,noload-speed,hip_abduction_right_joint,RS03,-11.712698,0.000000,6.071983,0.0000,0.0000,-11.712698,20.000000,-0.947586,31.00
1.019997,noload-speed,hip_abduction_right_joint,RS03,-11.542040,0.000000,6.119982,0.0000,0.0000,-11.542040,20.000000,-0.409248,31.00
1.027995,noload-speed,hip_abduction_right_joint,RS03,-11.371382,0.000000,6.167972,0.0000,0.0000,-11.371382,20.000000,-0.174870,31.00
1.036084,noload-speed,hip_abduction_right_joint,RS03,-11.200724,0.000000,6.216506,0.0000,0.0000,-11.200724,20.000000,1.040970,31.00
1.044007,noload-speed,hip_abduction_right_joint,RS03,-11.030066,0.000000,6.264042,0.0000,0.0000,-11.030066,20.000000,0.431221,31.00
1.052000,noload-speed,hip_abduction_right_joint,RS03,-10.859407,0.000000,6.311998,0.0000,0.0000,-10.859407,20.000000,1.145340,31.00
1.060000,noload-speed,hip_abduction_right_joint,RS03,-10.688749,0.000000,6.360000,0.0000,0.0000,-10.688749,20.000000,0.271919,31.00
1.067998,noload-speed,hip_abduction_right_joint,RS03,-10.517708,0.000000,6.407988,0.0000,0.0000,-10.517708,20.000000,0.676582,31.00
1.075998,noload-speed,hip_abduction_right_joint,RS03,-10.347050,0.000000,6.455987,0.0000,0.0000,-10.347050,20.000000,-0.118107,31.00
1.083998,noload-speed,hip_abduction_right_joint,RS03,-10.176393,0.000000,6.503990,0.0000,0.0000,-10.176393,20.000000,0.050354,31.00
1.092004,noload-speed,hip_abduction_right_joint,RS03,-10.005351,0.000000,6.552023,0.0000,0.0000,-10.005351,20.000000,-0.910965,31.00
1.099999,noload-speed,hip_abduction_right_joint,RS03,-9.834310,0.000000,6.599997,0.0000,0.0000,-9.834310,20.000000,-0.341496,31.00
1.107999,noload-speed,hip_abduction_right_joint,RS03,-9.663268,0.000000,6.647996,0.0000,0.0000,-9.663268,20.000000,0.114441,31.00
1.115999,noload-speed,hip_abduction_right_joint,RS03,-9.492610,0.000000,6.695991,0.0000,0.0000,-9.492610,20.000000,1.053787,31.00
1.123999,noload-speed,hip_abduction_right_joint,RS03,-9.321568,0.000000,6.743996,0.0000,0.0000,-9.321568,20.000000,0.390938,31.00
1.131998,noload-speed,hip_abduction_right_joint,RS03,-9.150527,0.000000,6.791990,0.0000,0.0000,-9.150527,20.000000,0.753494,31.00
1.139997,noload-speed,hip_abduction_right_joint,RS03,-8.979486,0.000000,6.839981,0.0000,0.0000,-8.979486,20.000000,0.154724,31.00
1.147997,noload-speed,hip_abduction_right_joint,RS03,-8.808827,0.000000,6.887981,0.0000,0.0000,-8.808827,20.000000,0.195007,31.00
1.155998,noload-speed,hip_abduction_right_joint,RS03,-8.637786,0.000000,6.935988,0.0000,0.0000,-8.637786,20.000000,-0.590527,31.00
1.163999,noload-speed,hip_abduction_right_joint,RS03,-8.467129,0.000000,6.983996,0.0000,0.0000,-8.467129,20.000000,-0.422066,31.00
1.171998,noload-speed,hip_abduction_right_joint,RS03,-8.296087,0.000000,7.031989,0.0000,0.0000,-8.296087,20.000000,-0.715038,31.00
1.179998,noload-speed,hip_abduction_right_joint,RS03,-8.125429,0.000000,7.079988,0.0000,0.0000,-8.125429,20.000000,-0.422066,31.00
1.187996,noload-speed,hip_abduction_right_joint,RS03,-7.954387,0.000000,7.127975,0.0000,0.0000,-7.954387,20.000000,0.486153,31.00
1.195997,noload-speed,hip_abduction_right_joint,RS03,-7.784113,0.000000,7.175982,0.0000,0.0000,-7.784113,20.000000,0.835892,31.00
1.203999,noload-speed,hip_abduction_right_joint,RS03,-7.613455,0.000000,7.223996,0.0000,0.0000,-7.613455,20.000000,0.438545,31.00
1.211999,noload-speed,hip_abduction_right_joint,RS03,-7.443180,0.000000,7.271992,0.0000,0.0000,-7.443180,20.000000,0.533760,31.00
1.219998,noload-speed,hip_abduction_right_joint,RS03,-7.272522,0.000000,7.319989,0.0000,0.0000,-7.272522,20.000000,0.158386,31.00
1.227998,noload-speed,hip_abduction_right_joint,RS03,-7.102248,0.000000,7.367991,0.0000,0.0000,-7.102248,20.000000,-0.535591,31.00
1.235999,noload-speed,hip_abduction_right_joint,RS03,-6.931973,0.000000,7.415993,0.0000,0.0000,-6.931973,20.000000,-0.810253,31.00
1.243997,noload-speed,hip_abduction_right_joint,RS03,-6.761699,0.000000,7.463984,0.0000,0.0000,-6.761699,20.000000,-0.361641,31.00
1.251997,noload-speed,hip_abduction_right_joint,RS03,-6.591041,0.000000,7.511985,0.0000,0.0000,-6.591041,20.000000,-0.475166,31.00
1.259998,noload-speed,hip_abduction_right_joint,RS03,-6.421150,0.000000,7.559988,0.0000,0.0000,-6.421150,20.000000,0.515450,31.00
1.267998,noload-speed,hip_abduction_right_joint,RS03,-6.250492,0.000000,7.607988,0.0000,0.0000,-6.250492,20.000000,0.879837,31.00
1.275999,noload-speed,hip_abduction_right_joint,RS03,-6.080601,0.000000,7.655993,0.0000,0.0000,-6.080601,20.000000,0.449532,31.00
1.283998,noload-speed,hip_abduction_right_joint,RS03,-5.909943,0.000000,7.703985,0.0000,0.0000,-5.909943,20.000000,0.555733,31.00
1.291998,noload-speed,hip_abduction_right_joint,RS03,-5.739669,0.000000,7.751989,0.0000,0.0000,-5.739669,20.000000,-0.260929,31.00
1.299998,noload-speed,hip_abduction_right_joint,RS03,-5.569394,0.000000,7.799991,0.0000,0.0000,-5.569394,20.000000,-0.367134,31.00
1.307998,noload-speed,hip_abduction_right_joint,RS03,-5.399120,0.000000,7.847987,0.0000,0.0000,-5.399120,20.000000,-0.693066,31.00
1.315999,noload-speed,hip_abduction_right_joint,RS03,-5.228462,0.000000,7.895995,0.0000,0.0000,-5.228462,20.000000,-0.052185,31.00
1.324057,noload-speed,hip_abduction_right_joint,RS03,-5.057420,0.000000,7.944344,0.0000,0.0000,-5.057420,20.000000,0.085144,31.00
1.332125,noload-speed,hip_abduction_right_joint,RS03,-4.887146,0.000000,7.992753,0.0000,0.0000,-4.887146,20.000000,1.009842,31.00
1.340022,noload-speed,hip_abduction_right_joint,RS03,-4.716488,0.000000,8.040132,0.0000,0.0000,-4.716488,20.000000,0.440376,31.00
1.348007,noload-speed,hip_abduction_right_joint,RS03,-4.545446,0.000000,8.088041,0.0000,0.0000,-4.545446,20.000000,1.138016,31.00
1.356001,noload-speed,hip_abduction_right_joint,RS03,-4.374405,0.000000,8.136004,0.0000,0.0000,-4.374405,20.000000,0.061340,31.00
1.364058,noload-speed,hip_abduction_right_joint,RS03,-4.203747,0.000000,8.184347,0.0000,0.0000,-4.203747,20.000000,0.583199,31.00
1.372026,noload-speed,hip_abduction_right_joint,RS03,-4.032705,0.000000,8.232156,0.0000,0.0000,-4.032705,20.000000,-0.557564,31.00
1.380089,noload-speed,hip_abduction_right_joint,RS03,-3.862047,0.000000,8.280535,0.0000,0.0000,-3.862047,20.000000,-0.149235,31.00
1.388024,noload-speed,hip_abduction_right_joint,RS03,-3.691006,0.000000,8.328147,0.0000,0.0000,-3.691006,20.000000,-0.784618,31.00
1.400002,noload-speed,hip_abduction_right_joint,RS03,-3.434443,0.000000,8.400011,0.0000,0.0000,-3.434443,20.000000,0.209656,31.00
1.412000,noload-speed,hip_abduction_right_joint,RS03,-3.178266,0.000000,8.471999,0.0000,0.0000,-3.178266,20.000000,1.337608,31.00
1.420001,noload-speed,hip_abduction_right_joint,RS03,-3.007223,0.000000,8.520004,0.0000,0.0000,-3.007223,20.000000,0.486153,31.00
1.428003,noload-speed,hip_abduction_right_joint,RS03,-2.836566,0.000000,8.568018,0.0000,0.0000,-2.836566,20.000000,1.169144,31.00
1.435999,noload-speed,hip_abduction_right_joint,RS03,-2.666675,0.000000,8.615996,0.0000,0.0000,-2.666675,20.000000,0.033875,31.00
1.444003,noload-speed,hip_abduction_right_joint,RS03,-2.494483,0.000000,8.664016,0.0000,0.0000,-2.494483,20.000000,0.480659,31.00
1.451999,noload-speed,hip_abduction_right_joint,RS03,-2.324592,0.000000,8.711997,0.0000,0.0000,-2.324592,20.000000,-0.762646,31.00
1.460002,noload-speed,hip_abduction_right_joint,RS03,-2.152400,0.000000,8.760014,0.0000,0.0000,-2.152400,20.000000,-0.628979,31.00
1.467999,noload-speed,hip_abduction_right_joint,RS03,-1.982892,0.000000,8.807997,0.0000,0.0000,-1.982892,20.000000,-0.888992,31.00
1.475996,noload-speed,hip_abduction_right_joint,RS03,-1.812234,0.000000,8.855978,0.0000,0.0000,-1.812234,20.000000,0.916458,31.00
1.484003,noload-speed,hip_abduction_right_joint,RS03,-1.641576,0.000000,8.904017,0.0000,0.0000,-1.641576,20.000000,0.184021,31.00
1.492002,noload-speed,hip_abduction_right_joint,RS03,-1.469768,0.000000,8.952010,0.0000,0.0000,-1.469768,20.000000,0.876175,31.00
1.500000,noload-speed,hip_abduction_right_joint,RS03,-1.300260,0.000000,8.999997,0.0000,0.0000,-1.300260,20.000000,0.171204,31.00
1.508280,noload-speed,hip_abduction_right_joint,RS03,-1.124617,0.000000,9.049681,0.0000,0.0000,-1.124617,20.000000,1.031815,31.00
1.516031,noload-speed,hip_abduction_right_joint,RS03,-0.958178,0.000000,9.096188,0.0000,0.0000,-0.958178,20.000000,-0.339664,31.00
1.524017,noload-speed,hip_abduction_right_joint,RS03,-0.787903,0.000000,9.144101,0.0000,0.0000,-0.787903,20.000000,-0.733349,31.00
1.532010,noload-speed,hip_abduction_right_joint,RS03,-0.617629,0.000000,9.192058,0.0000,0.0000,-0.617629,20.000000,-0.938431,31.00
1.540114,noload-speed,hip_abduction_right_joint,RS03,-0.447738,0.000000,9.240684,0.0000,0.0000,-0.447738,20.000000,-0.176701,31.00
1.548010,noload-speed,hip_abduction_right_joint,RS03,-0.277080,0.000000,9.288062,0.0000,0.0000,-0.277080,20.000000,0.378120,31.00
1.556006,noload-speed,hip_abduction_right_joint,RS03,-0.107955,0.000000,9.336037,0.0000,0.0000,-0.107955,20.000000,0.711380,31.00
1.564002,noload-speed,hip_abduction_right_joint,RS03,0.062703,0.000000,9.384009,0.0000,0.0000,0.062703,20.000000,0.420235,31.00
1.572002,noload-speed,hip_abduction_right_joint,RS03,0.232593,0.000000,9.432013,0.0000,0.0000,0.232593,20.000000,0.317696,31.00
1.580003,noload-speed,hip_abduction_right_joint,RS03,0.403252,0.000000,9.480016,0.0000,0.0000,0.403252,20.000000,0.057678,31.00
1.588002,noload-speed,hip_abduction_right_joint,RS03,0.573526,0.000000,9.528010,0.0000,0.0000,0.573526,20.000000,-0.530098,31.00
1.596000,noload-speed,hip_abduction_right_joint,RS03,0.744184,0.000000,9.576002,0.0000,0.0000,0.744184,20.000000,-0.879837,31.00
1.604003,noload-speed,hip_abduction_right_joint,RS03,0.914458,0.000000,9.624018,0.0000,0.0000,0.914458,20.000000,-0.482491,31.00
1.612001,noload-speed,hip_abduction_right_joint,RS03,1.085116,0.000000,9.672009,0.0000,0.0000,1.085116,20.000000,0.123596,31.00
1.620002,noload-speed,hip_abduction_right_joint,RS03,1.255774,0.000000,9.720011,0.0000,0.0000,1.255774,20.000000,0.141907,31.00
1.628004,noload-speed,hip_abduction_right_joint,RS03,1.426433,0.000000,9.768024,0.0000,0.0000,1.426433,20.000000,0.894485,31.00
1.636009,noload-speed,hip_abduction_right_joint,RS03,1.597857,0.000000,9.816057,0.0000,0.0000,1.597857,20.000000,0.564888,31.00
1.644006,noload-speed,hip_abduction_right_joint,RS03,1.767748,0.000000,9.864035,0.0000,0.0000,1.767748,20.000000,0.667427,31.00
1.651996,noload-speed,hip_abduction_right_joint,RS03,1.938407,0.000000,9.911978,0.0000,0.0000,1.938407,20.000000,-0.112610,31.00
1.660002,noload-speed,hip_abduction_right_joint,RS03,2.109063,0.000000,9.960015,0.0000,0.0000,2.109063,20.000000,-0.070496,31.00
1.668000,noload-speed,hip_abduction_right_joint,RS03,2.280106,0.000000,10.007998,0.0000,0.0000,2.280106,20.000000,-0.601513,31.00
1.676003,noload-speed,hip_abduction_right_joint,RS03,2.451147,0.000000,10.056019,0.0000,0.0000,2.451147,20.000000,-0.211491,31.00
1.684001,noload-speed,hip_abduction_right_joint,RS03,2.621805,0.000000,10.104007,0.0000,0.0000,2.621805,20.000000,-0.154728,31.00
1.692003,noload-speed,hip_abduction_right_joint,RS03,2.793229,0.000000,10.152016,0.0000,0.0000,2.793229,20.000000,1.143509,31.00
1.699997,noload-speed,hip_abduction_right_joint,RS03,2.963887,0.000000,10.199981,0.0000,0.0000,2.963887,20.000000,0.650948,31.00
1.708001,noload-speed,hip_abduction_right_joint,RS03,3.134930,0.000000,10.248005,0.0000,0.0000,3.134930,20.000000,1.178307,31.00
1.715999,noload-speed,hip_abduction_right_joint,RS03,3.305971,0.000000,10.295996,0.0000,0.0000,3.305971,20.000000,0.323189,31.00
1.723999,noload-speed,hip_abduction_right_joint,RS03,3.477012,0.000000,10.343991,0.0000,0.0000,3.477012,20.000000,0.934769,31.00
1.732001,noload-speed,hip_abduction_right_joint,RS03,3.647670,0.000000,10.392005,0.0000,0.0000,3.647670,20.000000,-0.176701,31.00
1.743996,noload-speed,hip_abduction_right_joint,RS03,3.904233,0.000000,10.463976,0.0000,0.0000,3.904233,20.000000,0.676582,31.00
1.755996,noload-speed,hip_abduction_right_joint,RS03,4.160028,0.000000,10.535978,0.0000,0.0000,4.160028,20.000000,-0.182194,31.00
1.763996,noload-speed,hip_abduction_right_joint,RS03,4.330686,0.000000,10.583975,0.0000,0.0000,4.330686,20.000000,0.152893,31.00
1.771999,noload-speed,hip_abduction_right_joint,RS03,4.500194,0.000000,10.631996,0.0000,0.0000,4.500194,20.000000,1.105057,31.00
1.783995,noload-speed,hip_abduction_right_joint,RS03,4.757522,0.000000,10.703968,0.0000,0.0000,4.757522,20.000000,-0.687572,31.00
1.795996,noload-speed,hip_abduction_right_joint,RS03,5.012935,0.000000,10.775974,0.0000,0.0000,5.012935,20.000000,0.105286,31.00
1.803995,noload-speed,hip_abduction_right_joint,RS03,5.183593,0.000000,10.823971,0.0000,0.0000,5.183593,20.000000,0.667427,31.00
1.812000,noload-speed,hip_abduction_right_joint,RS03,5.353868,0.000000,10.871999,0.0000,0.0000,5.353868,20.000000,-0.973221,31.00
1.820000,noload-speed,hip_abduction_right_joint,RS03,5.524524,0.000000,10.920000,0.0000,0.0000,5.524524,20.000000,-0.590527,31.00
1.827998,noload-speed,hip_abduction_right_joint,RS03,5.694798,0.000000,10.967986,0.0000,0.0000,5.694798,20.000000,-0.370796,31.00
1.836000,noload-speed,hip_abduction_right_joint,RS03,5.864690,0.000000,11.016001,0.0000,0.0000,5.864690,20.000000,1.189293,31.00
1.843997,noload-speed,hip_abduction_right_joint,RS03,6.035348,0.000000,11.063984,0.0000,0.0000,6.035348,20.000000,0.273750,31.00
1.852000,noload-speed,hip_abduction_right_joint,RS03,6.205623,0.000000,11.112001,0.0000,0.0000,6.205623,20.000000,1.017166,31.00
1.859999,noload-speed,hip_abduction_right_joint,RS03,6.375897,0.000000,11.159995,0.0000,0.0000,6.375897,20.000000,0.356148,31.00
1.868003,noload-speed,hip_abduction_right_joint,RS03,6.546172,0.000000,11.208020,0.0000,0.0000,6.546172,20.000000,0.420235,31.00
1.875997,noload-speed,hip_abduction_right_joint,RS03,6.716828,0.000000,11.255981,0.0000,0.0000,6.716828,20.000000,-0.389107,31.00
1.884001,noload-speed,hip_abduction_right_joint,RS03,6.886720,0.000000,11.304008,0.0000,0.0000,6.886720,20.000000,-0.738842,31.00
1.892000,noload-speed,hip_abduction_right_joint,RS03,7.057378,0.000000,11.351998,0.0000,0.0000,7.057378,20.000000,-0.473335,31.00
1.900043,noload-speed,hip_abduction_right_joint,RS03,7.229571,0.000000,11.400258,0.0000,0.0000,7.229571,20.000000,-0.423897,31.00
1.908024,noload-speed,hip_abduction_right_joint,RS03,7.397927,0.000000,11.448141,0.0000,0.0000,7.397927,20.000000,0.568550,31.00
1.916017,noload-speed,hip_abduction_right_joint,RS03,7.568585,0.000000,11.496103,0.0000,0.0000,7.568585,20.000000,0.698555,31.00
1.924012,noload-speed,hip_abduction_right_joint,RS03,7.739244,0.000000,11.544073,0.0000,0.0000,7.739244,20.000000,0.762650,31.00
1.932019,noload-speed,hip_abduction_right_joint,RS03,7.909518,0.000000,11.592115,0.0000,0.0000,7.909518,20.000000,0.334175,31.00
1.940001,noload-speed,hip_abduction_right_joint,RS03,8.080558,0.000000,11.640007,0.0000,0.0000,8.080558,20.000000,0.055847,31.00
1.948004,noload-speed,hip_abduction_right_joint,RS03,8.251601,0.000000,11.688023,0.0000,0.0000,8.251601,20.000000,-0.392769,31.00
1.956000,noload-speed,hip_abduction_right_joint,RS03,8.422259,0.000000,11.735999,0.0000,0.0000,8.422259,20.000000,-0.616161,31.00
1.964004,noload-speed,hip_abduction_right_joint,RS03,8.593301,0.000000,11.784022,0.0000,0.0000,8.593301,20.000000,-0.784618,31.00
1.971998,noload-speed,hip_abduction_right_joint,RS03,8.763957,0.000000,11.831987,0.0000,0.0000,8.763957,20.000000,0.270088,31.00
1.979998,noload-speed,hip_abduction_right_joint,RS03,8.934999,0.000000,11.879991,0.0000,0.0000,8.934999,20.000000,0.215149,31.00
1.988007,noload-speed,hip_abduction_right_joint,RS03,9.106042,0.000000,11.928042,0.0000,0.0000,9.106042,20.000000,0.863358,31.00
1.996013,noload-speed,hip_abduction_right_joint,RS03,9.276698,0.000000,11.976076,0.0000,0.0000,9.276698,20.000000,0.654610,31.00
2.004000,noload-speed,hip_abduction_right_joint,RS03,9.447740,0.000000,12.024001,0.0000,0.0000,9.447740,20.000000,0.577705,31.00
2.012002,noload-speed,hip_abduction_right_joint,RS03,9.618781,0.000000,12.072012,0.0000,0.0000,9.618781,20.000000,-0.103455,31.00
2.019997,noload-speed,hip_abduction_right_joint,RS03,9.788289,0.000000,12.119983,0.0000,0.0000,9.788289,20.000000,-0.037537,31.00
2.028000,noload-speed,hip_abduction_right_joint,RS03,9.960097,0.000000,12.168001,0.0000,0.0000,9.960097,20.000000,-0.645458,31.00
2.035995,noload-speed,hip_abduction_right_joint,RS03,10.131139,0.000000,12.215972,0.0000,0.0000,10.131139,20.000000,-0.306705,31.00
2.044009,noload-speed,hip_abduction_right_joint,RS03,10.301797,0.000000,12.264054,0.0000,0.0000,10.301797,20.000000,-0.636303,31.00
2.052001,noload-speed,hip_abduction_right_joint,RS03,10.472838,0.000000,12.312003,0.0000,0.0000,10.472838,20.000000,0.797440,31.00
2.060003,noload-speed,hip_abduction_right_joint,RS03,10.643113,0.000000,12.360018,0.0000,0.0000,10.643113,20.000000,0.202332,31.00
2.068122,noload-speed,hip_abduction_right_joint,RS03,10.813771,0.000000,12.408732,0.0000,0.0000,10.813771,20.000000,1.000687,31.00
2.076003,noload-speed,hip_abduction_right_joint,RS03,10.984429,0.000000,12.456017,0.0000,0.0000,10.984429,20.000000,0.416573,31.00
2.084002,noload-speed,hip_abduction_right_joint,RS03,11.155087,0.000000,12.504015,0.0000,0.0000,11.155087,20.000000,1.079422,31.00
2.092095,noload-speed,hip_abduction_right_joint,RS03,11.327662,0.000000,12.552572,0.0000,0.0000,11.327662,20.000000,-0.141911,31.00
2.100011,noload-speed,hip_abduction_right_joint,RS03,11.496018,0.000000,12.600064,0.0000,0.0000,11.496018,20.000000,-0.044861,31.00
2.107999,noload-speed,hip_abduction_right_joint,RS03,11.666295,0.000000,12.647993,0.0000,0.0000,11.666295,20.000000,-0.713207,31.00
2.115998,noload-speed,hip_abduction_right_joint,RS03,11.835803,0.000000,12.695989,0.0000,0.0000,11.835803,20.000000,0.663765,31.00
2.123998,noload-speed,hip_abduction_right_joint,RS03,12.007226,0.000000,12.743989,0.0000,0.0000,12.007226,20.000000,0.165710,31.00
2.131998,noload-speed,hip_abduction_right_joint,RS03,12.177501,0.000000,12.791988,0.0000,0.0000,12.177501,20.000000,1.192955,31.00
2.140000,noload-speed,hip_abduction_right_joint,RS03,12.347775,0.000000,12.839997,0.0000,0.0000,12.347775,20.000000,0.422066,31.00
2.147999,noload-speed,hip_abduction_right_joint,RS03,12.518050,0.000000,12.887993,0.0000,0.0000,12.518050,20.000000,1.180138,31.00
2.156012,noload-speed,hip_abduction_right_joint,RS03,-12.437131,0.000000,12.936074,0.0000,0.0000,-12.437131,20.000000,0.055847,31.00
2.164003,noload-speed,hip_abduction_right_joint,RS03,-12.266473,0.000000,12.984017,0.0000,0.0000,-12.266473,20.000000,0.389107,31.00
2.172000,noload-speed,hip_abduction_right_joint,RS03,-12.096199,0.000000,13.032000,0.0000,0.0000,-12.096199,20.000000,-0.782787,31.00
2.179997,noload-speed,hip_abduction_right_joint,RS03,-11.925541,0.000000,13.079985,0.0000,0.0000,-11.925541,20.000000,-0.506294,31.00
2.188000,noload-speed,hip_abduction_right_joint,RS03,-11.756416,0.000000,13.128001,0.0000,0.0000,-11.756416,20.000000,-0.167545,31.00
2.196035,noload-speed,hip_abduction_right_joint,RS03,-11.584991,0.000000,13.176209,0.0000,0.0000,-11.584991,20.000000,0.793777,31.00
2.204015,noload-speed,hip_abduction_right_joint,RS03,-11.414333,0.000000,13.224090,0.0000,0.0000,-11.414333,20.000000,0.374458,31.00
2.212053,noload-speed,hip_abduction_right_joint,RS03,-11.241758,0.000000,13.272316,0.0000,0.0000,-11.241758,20.000000,0.806595,31.00
2.220019,noload-speed,hip_abduction_right_joint,RS03,-11.073018,0.000000,13.320112,0.0000,0.0000,-11.073018,20.000000,0.330513,31.00
2.232005,noload-speed,hip_abduction_right_joint,RS03,-10.816839,0.000000,13.392028,0.0000,0.0000,-10.816839,20.000000,0.971390,31.00
2.240005,noload-speed,hip_abduction_right_joint,RS03,-10.646181,0.000000,13.440033,0.0000,0.0000,-10.646181,20.000000,0.473335,31.00
2.248005,noload-speed,hip_abduction_right_joint,RS03,-10.475140,0.000000,13.488028,0.0000,0.0000,-10.475140,20.000000,1.114212,31.00
2.256001,noload-speed,hip_abduction_right_joint,RS03,-10.304482,0.000000,13.536005,0.0000,0.0000,-10.304482,20.000000,0.429390,31.00
2.264002,noload-speed,hip_abduction_right_joint,RS03,-10.133440,0.000000,13.584010,0.0000,0.0000,-10.133440,20.000000,0.735184,31.00
2.272001,noload-speed,hip_abduction_right_joint,RS03,-9.962782,0.000000,13.632005,0.0000,0.0000,-9.962782,20.000000,-0.400093,31.00
2.280000,noload-speed,hip_abduction_right_joint,RS03,-9.791740,0.000000,13.680001,0.0000,0.0000,-9.791740,20.000000,0.103455,31.00
2.287997,noload-speed,hip_abduction_right_joint,RS03,-9.620699,0.000000,13.727983,0.0000,0.0000,-9.620699,20.000000,-0.625317,31.00
2.296000,noload-speed,hip_abduction_right_joint,RS03,-9.449657,0.000000,13.775998,0.0000,0.0000,-9.449657,20.000000,0.292061,31.00
2.304000,noload-speed,hip_abduction_right_joint,RS03,-9.278616,0.000000,13.823997,0.0000,0.0000,-9.278616,20.000000,-0.205997,31.00
2.312001,noload-speed,hip_abduction_right_joint,RS03,-9.107958,0.000000,13.872004,0.0000,0.0000,-9.107958,20.000000,1.181969,31.00
2.320000,noload-speed,hip_abduction_right_joint,RS03,-8.936916,0.000000,13.920003,0.0000,0.0000,-8.936916,20.000000,0.544746,31.00
2.327998,noload-speed,hip_abduction_right_joint,RS03,-8.765875,0.000000,13.967987,0.0000,0.0000,-8.765875,20.000000,1.236900,31.00
2.335999,noload-speed,hip_abduction_right_joint,RS03,-8.595218,0.000000,14.015994,0.0000,0.0000,-8.595218,20.000000,0.050354,31.00
2.344061,noload-speed,hip_abduction_right_joint,RS03,-8.422258,0.000000,14.064365,0.0000,0.0000,-8.422258,20.000000,0.903641,31.00
2.352043,noload-speed,hip_abduction_right_joint,RS03,-8.253518,0.000000,14.112256,0.0000,0.0000,-8.253518,20.000000,-0.368965,31.00
2.360025,noload-speed,hip_abduction_right_joint,RS03,-8.082860,0.000000,14.160150,0.0000,0.0000,-8.082860,20.000000,-0.233463,31.00
2.368024,noload-speed,hip_abduction_right_joint,RS03,-7.912202,0.000000,14.208145,0.0000,0.0000,-7.912202,20.000000,-1.039139,31.00
2.376045,noload-speed,hip_abduction_right_joint,RS03,-7.739243,0.000000,14.256270,0.0000,0.0000,-7.739243,20.000000,-0.292057,31.00
2.387998,noload-speed,hip_abduction_right_joint,RS03,-7.485749,0.000000,14.327989,0.0000,0.0000,-7.485749,20.000000,-0.400093,31.00
2.396001,noload-speed,hip_abduction_right_joint,RS03,-7.315475,0.000000,14.376004,0.0000,0.0000,-7.315475,20.000000,-0.517281,31.00
2.404006,noload-speed,hip_abduction_right_joint,RS03,-7.144816,0.000000,14.424036,0.0000,0.0000,-7.144816,20.000000,-0.416573,31.00
2.411998,noload-speed,hip_abduction_right_joint,RS03,-6.974158,0.000000,14.471989,0.0000,0.0000,-6.974158,20.000000,0.464180,31.00
2.420000,noload-speed,hip_abduction_right_joint,RS03,-6.804267,0.000000,14.519999,0.0000,0.0000,-6.804267,20.000000,0.293892,31.00
2.427999,noload-speed,hip_abduction_right_joint,RS03,-6.633993,0.000000,14.567994,0.0000,0.0000,-6.633993,20.000000,1.211266,31.00
2.436008,noload-speed,hip_abduction_right_joint,RS03,-6.463335,0.000000,14.616051,0.0000,0.0000,-6.463335,20.000000,0.341499,31.00
2.444009,noload-speed,hip_abduction_right_joint,RS03,-6.293060,0.000000,14.664053,0.0000,0.0000,-6.293060,20.000000,1.271690,31.00
2.452001,noload-speed,hip_abduction_right_joint,RS03,-6.122787,0.000000,14.712008,0.0000,0.0000,-6.122787,20.000000,-0.216984,31.00
2.460002,noload-speed,hip_abduction_right_joint,RS03,-5.952511,0.000000,14.760012,0.0000,0.0000,-5.952511,20.000000,0.008240,31.00
2.468001,noload-speed,hip_abduction_right_joint,RS03,-5.782238,0.000000,14.808007,0.0000,0.0000,-5.782238,20.000000,-0.513618,31.00
2.476001,noload-speed,hip_abduction_right_joint,RS03,-5.611579,0.000000,14.856006,0.0000,0.0000,-5.611579,20.000000,-0.011902,31.00
2.483999,noload-speed,hip_abduction_right_joint,RS03,-5.441689,0.000000,14.903996,0.0000,0.0000,-5.441689,20.000000,0.191345,31.00
2.492008,noload-speed,hip_abduction_right_joint,RS03,-5.271030,0.000000,14.952049,0.0000,0.0000,-5.271030,20.000000,1.337608,31.00
2.500002,noload-speed,hip_abduction_right_joint,RS03,-5.100372,0.000000,15.000010,0.0000,0.0000,-5.100372,20.000000,0.414742,31.00
2.508005,noload-speed,hip_abduction_right_joint,RS03,-4.929714,0.000000,15.048029,0.0000,0.0000,-4.929714,20.000000,0.971390,31.00
2.516001,noload-speed,hip_abduction_right_joint,RS03,-4.759440,0.000000,15.096005,0.0000,0.0000,-4.759440,20.000000,0.218811,31.00
2.523999,noload-speed,hip_abduction_right_joint,RS03,-4.588781,0.000000,15.143995,0.0000,0.0000,-4.588781,20.000000,0.167542,31.00
2.531999,noload-speed,hip_abduction_right_joint,RS03,-4.417741,0.000000,15.191995,0.0000,0.0000,-4.417741,20.000000,-0.555733,31.00
2.540004,noload-speed,hip_abduction_right_joint,RS03,-4.247083,0.000000,15.240023,0.0000,0.0000,-4.247083,20.000000,-0.568550,31.00
2.548010,noload-speed,hip_abduction_right_joint,RS03,-4.076425,0.000000,15.288062,0.0000,0.0000,-4.076425,20.000000,0.010071,31.00
2.556003,noload-speed,hip_abduction_right_joint,RS03,-3.905383,0.000000,15.336020,0.0000,0.0000,-3.905383,20.000000,0.601509,31.00
2.564002,noload-speed,hip_abduction_right_joint,RS03,-3.734342,0.000000,15.384009,0.0000,0.0000,-3.734342,20.000000,0.189514,31.00
2.572127,noload-speed,hip_abduction_right_joint,RS03,-3.563300,0.000000,15.432764,0.0000,0.0000,-3.563300,20.000000,0.753494,31.00
2.580003,noload-speed,hip_abduction_right_joint,RS03,-3.392642,0.000000,15.480015,0.0000,0.0000,-3.392642,20.000000,0.319527,31.00
2.587998,noload-speed,hip_abduction_right_joint,RS03,-3.221601,0.000000,15.527987,0.0000,0.0000,-3.221601,20.000000,0.621651,31.00
2.595999,noload-speed,hip_abduction_right_joint,RS03,-3.050559,0.000000,15.575993,0.0000,0.0000,-3.050559,20.000000,-0.072327,31.00
2.604101,noload-speed,hip_abduction_right_joint,RS03,-2.877601,0.000000,15.624607,0.0000,0.0000,-2.877601,20.000000,0.129089,31.00
2.616003,noload-speed,hip_abduction_right_joint,RS03,-2.623339,0.000000,15.696018,0.0000,0.0000,-2.623339,20.000000,0.607002,31.00
2.627999,noload-speed,hip_abduction_right_joint,RS03,-2.366776,0.000000,15.767993,0.0000,0.0000,-2.366776,20.000000,-0.581367,31.00
2.636006,noload-speed,hip_abduction_right_joint,RS03,-2.196119,0.000000,15.816035,0.0000,0.0000,-2.196119,20.000000,0.368965,31.00
2.643998,noload-speed,hip_abduction_right_joint,RS03,-2.025077,0.000000,15.863989,0.0000,0.0000,-2.025077,20.000000,0.473335,31.00
2.652000,noload-speed,hip_abduction_right_joint,RS03,-1.854803,0.000000,15.912001,0.0000,0.0000,-1.854803,20.000000,0.856033,31.00
2.660014,noload-speed,hip_abduction_right_joint,RS03,-1.683762,0.000000,15.960085,0.0000,0.0000,-1.683762,20.000000,0.473335,31.00
2.668001,noload-speed,hip_abduction_right_joint,RS03,-1.513103,0.000000,16.008003,0.0000,0.0000,-1.513103,20.000000,0.405586,31.00
2.676000,noload-speed,hip_abduction_right_joint,RS03,-1.342829,0.000000,16.056000,0.0000,0.0000,-1.342829,20.000000,-0.244450,31.00
2.684001,noload-speed,hip_abduction_right_joint,RS03,-1.172555,0.000000,16.104008,0.0000,0.0000,-1.172555,20.000000,-0.577705,31.00
2.692001,noload-speed,hip_abduction_right_joint,RS03,-1.001896,0.000000,16.152004,0.0000,0.0000,-1.001896,20.000000,-0.694897,31.00
2.700002,noload-speed,hip_abduction_right_joint,RS03,-0.831622,0.000000,16.200014,0.0000,0.0000,-0.831622,20.000000,-0.092468,31.00
2.708004,noload-speed,hip_abduction_right_joint,RS03,-0.660964,0.000000,16.248020,0.0000,0.0000,-0.660964,20.000000,0.462349,31.00
2.716010,noload-speed,hip_abduction_right_joint,RS03,-0.490689,0.000000,16.296059,0.0000,0.0000,-0.490689,20.000000,0.731522,31.00
2.723998,noload-speed,hip_abduction_right_joint,RS03,-0.320415,0.000000,16.343990,0.0000,0.0000,-0.320415,20.000000,0.650948,31.00
2.731997,noload-speed,hip_abduction_right_joint,RS03,-0.149757,0.000000,16.391983,0.0000,0.0000,-0.149757,20.000000,0.295723,31.00
2.739999,noload-speed,hip_abduction_right_joint,RS03,0.020517,0.000000,16.439993,0.0000,0.0000,0.020517,20.000000,0.370796,31.00
2.747996,noload-speed,hip_abduction_right_joint,RS03,0.190792,0.000000,16.487976,0.0000,0.0000,0.190792,20.000000,-0.233463,31.00
2.756001,noload-speed,hip_abduction_right_joint,RS03,0.361450,0.000000,16.536007,0.0000,0.0000,0.361450,20.000000,-0.502632,31.00
2.764000,noload-speed,hip_abduction_right_joint,RS03,0.531724,0.000000,16.584002,0.0000,0.0000,0.531724,20.000000,-0.693066,31.00
2.772008,noload-speed,hip_abduction_right_joint,RS03,0.701999,0.000000,16.632046,0.0000,0.0000,0.701999,20.000000,0.427559,31.00
2.779997,noload-speed,hip_abduction_right_joint,RS03,0.871123,0.000000,16.679985,0.0000,0.0000,0.871123,20.000000,0.513618,31.00
2.788007,noload-speed,hip_abduction_right_joint,RS03,1.042932,0.000000,16.728041,0.0000,0.0000,1.042932,20.000000,1.050125,31.00
2.796001,noload-speed,hip_abduction_right_joint,RS03,1.213205,0.000000,16.776007,0.0000,0.0000,1.213205,20.000000,0.409248,31.00
2.804000,noload-speed,hip_abduction_right_joint,RS03,1.383863,0.000000,16.823999,0.0000,0.0000,1.383863,20.000000,0.986038,31.00
2.812005,noload-speed,hip_abduction_right_joint,RS03,1.554905,0.000000,16.872026,0.0000,0.0000,1.554905,20.000000,-0.068665,31.00
2.820000,noload-speed,hip_abduction_right_joint,RS03,1.725564,0.000000,16.919998,0.0000,0.0000,1.725564,20.000000,0.024719,31.00
2.828010,noload-speed,hip_abduction_right_joint,RS03,1.896220,0.000000,16.968058,0.0000,0.0000,1.896220,20.000000,-0.771801,31.00
2.835999,noload-speed,hip_abduction_right_joint,RS03,2.067263,0.000000,17.015995,0.0000,0.0000,2.067263,20.000000,-0.524605,31.00
2.843996,noload-speed,hip_abduction_right_joint,RS03,2.237154,0.000000,17.063972,0.0000,0.0000,2.237154,20.000000,0.180359,31.00
2.852001,noload-speed,hip_abduction_right_joint,RS03,2.408962,0.000000,17.112005,0.0000,0.0000,2.408962,20.000000,1.172813,31.00
2.860001,noload-speed,hip_abduction_right_joint,RS03,2.580003,0.000000,17.160004,0.0000,0.0000,2.580003,20.000000,0.418404,31.00
2.867997,noload-speed,hip_abduction_right_joint,RS03,2.750661,0.000000,17.207981,0.0000,0.0000,2.750661,20.000000,1.224083,31.00
2.875998,noload-speed,hip_abduction_right_joint,RS03,2.920552,0.000000,17.255989,0.0000,0.0000,2.920552,20.000000,0.400093,31.00
2.884020,noload-speed,hip_abduction_right_joint,RS03,3.092360,0.000000,17.304121,0.0000,0.0000,3.092360,20.000000,0.762650,31.00
2.892010,noload-speed,hip_abduction_right_joint,RS03,3.263402,0.000000,17.352058,0.0000,0.0000,3.263402,20.000000,-0.275578,31.00
2.900003,noload-speed,hip_abduction_right_joint,RS03,3.433293,0.000000,17.400017,0.0000,0.0000,3.433293,20.000000,-0.357979,31.00
2.908003,noload-speed,hip_abduction_right_joint,RS03,3.605485,0.000000,17.448015,0.0000,0.0000,3.605485,20.000000,-0.892654,31.00
2.916072,noload-speed,hip_abduction_right_joint,RS03,3.777293,0.000000,17.496435,0.0000,0.0000,3.777293,20.000000,-0.414742,31.00
2.924049,noload-speed,hip_abduction_right_joint,RS03,3.947185,0.000000,17.544294,0.0000,0.0000,3.947185,20.000000,-0.456856,31.00
2.932021,noload-speed,hip_abduction_right_joint,RS03,4.117843,0.000000,17.592127,0.0000,0.0000,4.117843,20.000000,0.931107,31.00
2.940007,noload-speed,hip_abduction_right_joint,RS03,4.288501,0.000000,17.640041,0.0000,0.0000,4.288501,20.000000,0.498970,31.00
2.948006,noload-speed,hip_abduction_right_joint,RS03,4.459157,0.000000,17.688036,0.0000,0.0000,4.459157,20.000000,0.949417,31.00
2.956003,noload-speed,hip_abduction_right_joint,RS03,4.629817,0.000000,17.736017,0.0000,0.0000,4.629817,20.000000,0.328682,31.00
2.964000,noload-speed,hip_abduction_right_joint,RS03,4.800475,0.000000,17.784000,0.0000,0.0000,4.800475,20.000000,0.220642,31.00
2.971999,noload-speed,hip_abduction_right_joint,RS03,4.971133,0.000000,17.831995,0.0000,0.0000,4.971133,20.000000,-0.713207,31.00
2.980000,noload-speed,hip_abduction_right_joint,RS03,5.140256,0.000000,17.879999,0.0000,0.0000,5.140256,20.000000,-0.531929,31.00
2.987996,noload-speed,hip_abduction_right_joint,RS03,5.312064,0.000000,17.927979,0.0000,0.0000,5.312064,20.000000,-0.160221,31.00
2.995999,noload-speed,hip_abduction_right_joint,RS03,5.482339,0.000000,17.975996,0.0000,0.0000,5.482339,20.000000,0.365303,31.00
3.003999,noload-speed,hip_abduction_right_joint,RS03,5.652999,0.000000,18.000000,0.0000,0.0000,5.652999,20.000000,0.204163,31.00
3.012018,noload-speed,hip_abduction_right_joint,RS03,5.822888,0.000000,18.000000,0.0000,0.0000,5.822888,20.000000,0.788284,31.00
3.020008,noload-speed,hip_abduction_right_joint,RS03,5.993546,0.000000,18.000000,0.0000,0.0000,5.993546,20.000000,0.596016,31.00
3.028001,noload-speed,hip_abduction_right_joint,RS03,6.163821,0.000000,18.000000,0.0000,0.0000,6.163821,20.000000,0.068665,31.00
3.035999,noload-speed,hip_abduction_right_joint,RS03,6.334096,0.000000,18.000000,0.0000,0.0000,6.334096,20.000000,-0.339664,31.00
3.044000,noload-speed,hip_abduction_right_joint,RS03,6.504369,0.000000,18.000000,0.0000,0.0000,6.504369,20.000000,-0.747997,31.00
3.052009,noload-speed,hip_abduction_right_joint,RS03,6.674644,0.000000,18.000000,0.0000,0.0000,6.674644,20.000000,-0.376289,31.00
3.060000,noload-speed,hip_abduction_right_joint,RS03,6.845302,0.000000,18.000000,0.0000,0.0000,6.845302,20.000000,0.099792,31.00
3.068000,noload-speed,hip_abduction_right_joint,RS03,7.014810,0.000000,18.000000,0.0000,0.0000,7.014810,20.000000,0.515450,31.00
3.076009,noload-speed,hip_abduction_right_joint,RS03,7.185851,0.000000,18.000000,0.0000,0.0000,7.185851,20.000000,0.592354,31.00
3.084123,noload-speed,hip_abduction_right_joint,RS03,7.356509,0.000000,18.000000,0.0000,0.0000,7.356509,20.000000,1.006180,31.00
3.092005,noload-speed,hip_abduction_right_joint,RS03,7.527167,0.000000,18.000000,0.0000,0.0000,7.527167,20.000000,0.350655,31.00
3.100000,noload-speed,hip_abduction_right_joint,RS03,7.697824,0.000000,18.000000,0.0000,0.0000,7.697824,20.000000,0.422066,31.00
3.108009,noload-speed,hip_abduction_right_joint,RS03,7.868484,0.000000,18.000000,0.0000,0.0000,7.868484,20.000000,-0.385445,31.00
3.116007,noload-speed,hip_abduction_right_joint,RS03,8.039142,0.000000,18.000000,0.0000,0.0000,8.039142,20.000000,-0.537422,31.00
3.124001,noload-speed,hip_abduction_right_joint,RS03,8.210183,0.000000,18.000000,0.0000,0.0000,8.210183,20.000000,-0.700390,31.00
3.131997,noload-speed,hip_abduction_right_joint,RS03,8.379689,0.000000,18.000000,0.0000,0.0000,8.379689,20.000000,0.586861,31.00
3.140006,noload-speed,hip_abduction_right_joint,RS03,8.551497,0.000000,18.000000,0.0000,0.0000,8.551497,20.000000,0.227966,31.00
3.147999,noload-speed,hip_abduction_right_joint,RS03,8.721389,0.000000,18.000000,0.0000,0.0000,8.721389,20.000000,1.000687,31.00
3.156000,noload-speed,hip_abduction_right_joint,RS03,8.893582,0.000000,18.000000,0.0000,0.0000,8.893582,20.000000,0.409248,31.00
3.164013,noload-speed,hip_abduction_right_joint,RS03,9.064622,0.000000,18.000000,0.0000,0.0000,9.064622,20.000000,1.167313,31.00
3.172008,noload-speed,hip_abduction_right_joint,RS03,9.235280,0.000000,18.000000,0.0000,0.0000,9.235280,20.000000,0.401924,31.00
3.180002,noload-speed,hip_abduction_right_joint,RS03,9.406323,0.000000,18.000000,0.0000,0.0000,9.406323,20.000000,0.425728,31.00
3.188002,noload-speed,hip_abduction_right_joint,RS03,9.577365,0.000000,18.000000,0.0000,0.0000,9.577365,20.000000,-0.755322,31.00
3.196002,noload-speed,hip_abduction_right_joint,RS03,9.748405,0.000000,18.000000,0.0000,0.0000,9.748405,20.000000,-0.336002,31.00
3.204000,noload-speed,hip_abduction_right_joint,RS03,9.919063,0.000000,18.000000,0.0000,0.0000,9.919063,20.000000,-0.887161,31.00
3.212002,noload-speed,hip_abduction_right_joint,RS03,10.090104,0.000000,18.000000,0.0000,0.0000,10.090104,20.000000,1.280846,31.00
3.220030,noload-speed,hip_abduction_right_joint,RS03,10.260764,0.000000,18.000000,0.0000,0.0000,10.260764,20.000000,0.209656,31.00
3.228016,noload-speed,hip_abduction_right_joint,RS03,10.431804,0.000000,18.000000,0.0000,0.0000,10.431804,20.000000,1.253380,31.00
3.236015,noload-speed,hip_abduction_right_joint,RS03,10.602462,0.000000,18.000000,0.0000,0.0000,10.602462,20.000000,0.548409,31.00
3.244006,noload-speed,hip_abduction_right_joint,RS03,10.773120,0.000000,18.000000,0.0000,0.0000,10.773120,20.000000,1.405357,31.00
3.252002,noload-speed,hip_abduction_right_joint,RS03,10.943009,0.000000,18.000000,0.0000,0.0000,10.943009,20.000000,-0.140079,31.00
3.260003,noload-speed,hip_abduction_right_joint,RS03,11.114436,0.000000,18.000000,0.0000,0.0000,11.114436,20.000000,0.213318,31.00
3.268002,noload-speed,hip_abduction_right_joint,RS03,11.285094,0.000000,18.000000,0.0000,0.0000,11.285094,20.000000,-0.693066,31.00
3.276010,noload-speed,hip_abduction_right_joint,RS03,11.455369,0.000000,18.000000,0.0000,0.0000,11.455369,20.000000,-0.455025,31.00
3.284001,noload-speed,hip_abduction_right_joint,RS03,11.626025,0.000000,18.000000,0.0000,0.0000,11.626025,20.000000,-0.357979,31.00
3.292002,noload-speed,hip_abduction_right_joint,RS03,11.796300,0.000000,18.000000,0.0000,0.0000,11.796300,20.000000,0.980545,31.00
3.300000,noload-speed,hip_abduction_right_joint,RS03,11.966575,0.000000,18.000000,0.0000,0.0000,11.966575,20.000000,0.515450,31.00
3.308001,noload-speed,hip_abduction_right_joint,RS03,12.136849,0.000000,18.000000,0.0000,0.0000,12.136849,20.000000,1.053787,31.00
3.316001,noload-speed,hip_abduction_right_joint,RS03,12.307508,0.000000,18.000000,0.0000,0.0000,12.307508,20.000000,0.288399,31.00
3.324004,noload-speed,hip_abduction_right_joint,RS03,12.477782,0.000000,18.000000,0.0000,0.0000,12.477782,20.000000,0.130920,31.00
3.332017,noload-speed,hip_abduction_right_joint,RS03,-12.477399,0.000000,18.000000,0.0000,0.0000,-12.477399,20.000000,-0.469673,31.00
3.340003,noload-speed,hip_abduction_right_joint,RS03,-12.307124,0.000000,18.000000,0.0000,0.0000,-12.307124,20.000000,-0.563057,31.00
3.348001,noload-speed,hip_abduction_right_joint,RS03,-12.136466,0.000000,18.000000,0.0000,0.0000,-12.136466,20.000000,-0.508125,31.00
3.356002,noload-speed,hip_abduction_right_joint,RS03,-11.967726,0.000000,18.000000,0.0000,0.0000,-11.967726,20.000000,0.346992,31.00
3.364025,noload-speed,hip_abduction_right_joint,RS03,-11.795918,0.000000,18.000000,0.0000,0.0000,-11.795918,20.000000,0.777298,31.00
3.372063,noload-speed,hip_abduction_right_joint,RS03,-11.624876,0.000000,18.000000,0.0000,0.0000,-11.624876,20.000000,0.669258,31.00
3.380111,noload-speed,hip_abduction_right_joint,RS03,-11.451917,0.000000,18.000000,0.0000,0.0000,-11.451917,20.000000,0.856033,31.00
3.392056,noload-speed,hip_abduction_right_joint,RS03,-11.199190,0.000000,18.000000,0.0000,0.0000,-11.199190,20.000000,0.936600,31.00
3.400022,noload-speed,hip_abduction_right_joint,RS03,-11.028532,0.000000,18.000000,0.0000,0.0000,-11.028532,20.000000,0.539253,31.00
3.408012,noload-speed,hip_abduction_right_joint,RS03,-10.857874,0.000000,18.000000,0.0000,0.0000,-10.857874,20.000000,1.154495,31.00
3.416032,noload-speed,hip_abduction_right_joint,RS03,-10.686832,0.000000,18.000000,0.0000,0.0000,-10.686832,20.000000,0.401924,31.00
3.424033,noload-speed,hip_abduction_right_joint,RS03,-10.516174,0.000000,18.000000,0.0000,0.0000,-10.516174,20.000000,0.856033,31.00
3.432018,noload-speed,hip_abduction_right_joint,RS03,-10.345516,0.000000,18.000000,0.0000,0.0000,-10.345516,20.000000,-0.136417,31.00
3.440005,noload-speed,hip_abduction_right_joint,RS03,-10.174475,0.000000,18.000000,0.0000,0.0000,-10.174475,20.000000,0.059509,31.00
3.448004,noload-speed,hip_abduction_right_joint,RS03,-10.003433,0.000000,18.000000,0.0000,0.0000,-10.003433,20.000000,-0.705883,31.00
3.456000,noload-speed,hip_abduction_right_joint,RS03,-9.832392,0.000000,18.000000,0.0000,0.0000,-9.832392,20.000000,-0.649120,31.00
3.464000,noload-speed,hip_abduction_right_joint,RS03,-9.661734,0.000000,18.000000,0.0000,0.0000,-9.661734,20.000000,-0.070496,31.00
3.471999,noload-speed,hip_abduction_right_joint,RS03,-9.490692,0.000000,18.000000,0.0000,0.0000,-9.490692,20.000000,0.876175,31.00
3.480000,noload-speed,hip_abduction_right_joint,RS03,-9.319267,0.000000,18.000000,0.0000,0.0000,-9.319267,20.000000,0.433052,31.00
3.487998,noload-speed,hip_abduction_right_joint,RS03,-9.148226,0.000000,18.000000,0.0000,0.0000,-9.148226,20.000000,0.795609,31.00
3.495999,noload-speed,hip_abduction_right_joint,RS03,-8.977568,0.000000,18.000000,0.0000,0.0000,-8.977568,20.000000,0.478828,31.00
3.503998,noload-speed,hip_abduction_right_joint,RS03,-8.807677,0.000000,18.000000,0.0000,0.0000,-8.807677,20.000000,0.193176,31.00
3.512000,noload-speed,hip_abduction_right_joint,RS03,-8.636636,0.000000,18.000000,0.0000,0.0000,-8.636636,20.000000,-0.314030,31.00
3.520002,noload-speed,hip_abduction_right_joint,RS03,-8.464443,0.000000,18.000000,0.0000,0.0000,-8.464443,20.000000,-0.332340,31.00
3.528031,noload-speed,hip_abduction_right_joint,RS03,-8.293785,0.000000,18.000000,0.0000,0.0000,-8.293785,20.000000,-0.883499,31.00
3.536095,noload-speed,hip_abduction_right_joint,RS03,-8.122360,0.000000,18.000000,0.0000,0.0000,-8.122360,20.000000,-0.484322,31.00
3.544021,noload-speed,hip_abduction_right_joint,RS03,-7.952470,0.000000,18.000000,0.0000,0.0000,-7.952470,20.000000,0.403755,31.00
3.552015,noload-speed,hip_abduction_right_joint,RS03,-7.782195,0.000000,18.000000,0.0000,0.0000,-7.782195,20.000000,0.467842,31.00
3.560056,noload-speed,hip_abduction_right_joint,RS03,-7.610387,0.000000,18.000000,0.0000,0.0000,-7.610387,20.000000,0.552071,31.00
3.568024,noload-speed,hip_abduction_right_joint,RS03,-7.441263,0.000000,18.000000,0.0000,0.0000,-7.441263,20.000000,0.764481,31.00
3.576007,noload-speed,hip_abduction_right_joint,RS03,-7.270605,0.000000,18.000000,0.0000,0.0000,-7.270605,20.000000,0.363472,31.00
3.584116,noload-speed,hip_abduction_right_joint,RS03,-7.100330,0.000000,18.000000,0.0000,0.0000,-7.100330,20.000000,-0.184025,31.00
3.592011,noload-speed,hip_abduction_right_joint,RS03,-6.930056,0.000000,18.000000,0.0000,0.0000,-6.930056,20.000000,-0.678417,31.00
3.600002,noload-speed,hip_abduction_right_joint,RS03,-6.759781,0.000000,18.000000,0.0000,0.0000,-6.759781,20.000000,-0.689404,31.00
3.612002,noload-speed,hip_abduction_right_joint,RS03,-6.504370,0.000000,18.000000,0.0000,0.0000,-6.504370,20.000000,0.072327,31.00
3.620003,noload-speed,hip_abduction_right_joint,RS03,-6.334095,0.000000,18.000000,0.0000,0.0000,-6.334095,20.000000,0.097961,31.00
3.628040,noload-speed,hip_abduction_right_joint,RS03,-6.163821,0.000000,18.000000,0.0000,0.0000,-6.163821,20.000000,-0.607006,31.00
3.636043,noload-speed,hip_abduction_right_joint,RS03,-5.993546,0.000000,18.000000,0.0000,0.0000,-5.993546,20.000000,-0.407417,31.00
3.644029,noload-speed,hip_abduction_right_joint,RS03,-5.822889,0.000000,18.000000,0.0000,0.0000,-5.822889,20.000000,0.010071,31.00
3.652029,noload-speed,hip_abduction_right_joint,RS03,-5.652614,0.000000,18.000000,0.0000,0.0000,-5.652614,20.000000,0.700386,31.00
3.660005,noload-speed,hip_abduction_right_joint,RS03,-5.482340,0.000000,18.000000,0.0000,0.0000,-5.482340,20.000000,0.539253,31.00
3.667998,noload-speed,hip_abduction_right_joint,RS03,-5.312065,0.000000,18.000000,0.0000,0.0000,-5.312065,20.000000,0.934769,31.00
3.675997,noload-speed,hip_abduction_right_joint,RS03,-5.142174,0.000000,18.000000,0.0000,0.0000,-5.142174,20.000000,0.057678,31.00
3.684010,noload-speed,hip_abduction_right_joint,RS03,-4.971132,0.000000,18.000000,0.0000,0.0000,-4.971132,20.000000,0.116272,31.00
3.692002,noload-speed,hip_abduction_right_joint,RS03,-4.800091,0.000000,18.000000,0.0000,0.0000,-4.800091,20.000000,-0.667431,31.00
3.700001,noload-speed,hip_abduction_right_joint,RS03,-4.630967,0.000000,18.000000,0.0000,0.0000,-4.630967,20.000000,-0.475166,31.00
3.708004,noload-speed,hip_abduction_right_joint,RS03,-4.459926,0.000000,18.000000,0.0000,0.0000,-4.459926,20.000000,-0.312199,31.00
3.716001,noload-speed,hip_abduction_right_joint,RS03,-4.288884,0.000000,18.000000,0.0000,0.0000,-4.288884,20.000000,0.143738,31.00
3.724003,noload-speed,hip_abduction_right_joint,RS03,-4.117843,0.000000,18.000000,0.0000,0.0000,-4.117843,20.000000,0.555733,31.00
3.732001,noload-speed,hip_abduction_right_joint,RS03,-3.946418,0.000000,18.000000,0.0000,0.0000,-3.946418,20.000000,0.868851,31.00
3.740000,noload-speed,hip_abduction_right_joint,RS03,-3.776143,0.000000,18.000000,0.0000,0.0000,-3.776143,20.000000,0.409248,31.00
3.747999,noload-speed,hip_abduction_right_joint,RS03,-3.604335,0.000000,18.000000,0.0000,0.0000,-3.604335,20.000000,0.317696,31.00
3.756000,noload-speed,hip_abduction_right_joint,RS03,-3.433293,0.000000,18.000000,0.0000,0.0000,-3.433293,20.000000,-0.075989,31.00
3.763998,noload-speed,hip_abduction_right_joint,RS03,-3.262635,0.000000,18.000000,0.0000,0.0000,-3.262635,20.000000,-0.079651,31.00
3.772000,noload-speed,hip_abduction_right_joint,RS03,-3.091210,0.000000,18.000000,0.0000,0.0000,-3.091210,20.000000,-0.674755,31.00
3.779996,noload-speed,hip_abduction_right_joint,RS03,-2.920552,0.000000,18.000000,0.0000,0.0000,-2.920552,20.000000,-0.707714,31.00
3.787996,noload-speed,hip_abduction_right_joint,RS03,-2.750661,0.000000,18.000000,0.0000,0.0000,-2.750661,20.000000,-0.813915,31.00
3.795996,noload-speed,hip_abduction_right_joint,RS03,-2.580004,0.000000,18.000000,0.0000,0.0000,-2.580004,20.000000,0.315865,31.00
3.804004,noload-speed,hip_abduction_right_joint,RS03,-2.407811,0.000000,18.000000,0.0000,0.0000,-2.407811,20.000000,0.552071,31.00
3.812001,noload-speed,hip_abduction_right_joint,RS03,-2.236771,0.000000,18.000000,0.0000,0.0000,-2.236771,20.000000,0.647285,31.00
3.819997,noload-speed,hip_abduction_right_joint,RS03,-2.066879,0.000000,18.000000,0.0000,0.0000,-2.066879,20.000000,0.854202,31.00
3.828001,noload-speed,hip_abduction_right_joint,RS03,-1.895071,0.000000,18.000000,0.0000,0.0000,-1.895071,20.000000,0.381783,31.00
3.836016,noload-speed,hip_abduction_right_joint,RS03,-1.724412,0.000000,18.000000,0.0000,0.0000,-1.724412,20.000000,0.171204,31.00
3.844012,noload-speed,hip_abduction_right_joint,RS03,-1.553755,0.000000,18.000000,0.0000,0.0000,-1.553755,20.000000,-0.475166,31.00
3.852002,noload-speed,hip_abduction_right_joint,RS03,-1.383097,0.000000,18.000000,0.0000,0.0000,-1.383097,20.000000,-0.469673,31.00
3.860035,noload-speed,hip_abduction_right_joint,RS03,-1.212822,0.000000,18.000000,0.0000,0.0000,-1.212822,20.000000,-0.619823,31.00
3.868042,noload-speed,hip_abduction_right_joint,RS03,-1.042164,0.000000,18.000000,0.0000,0.0000,-1.042164,20.000000,0.693062,31.00
3.876028,noload-speed,hip_abduction_right_joint,RS03,-0.871890,0.000000,18.000000,0.0000,0.0000,-0.871890,20.000000,0.184021,31.00
3.884015,noload-speed,hip_abduction_right_joint,RS03,-0.701231,0.000000,18.000000,0.0000,0.0000,-0.701231,20.000000,1.227745,31.00
3.892008,noload-speed,hip_abduction_right_joint,RS03,-0.530957,0.000000,18.000000,0.0000,0.0000,-0.530957,20.000000,0.246284,31.00
3.899998,noload-speed,hip_abduction_right_joint,RS03,-0.361449,0.000000,18.000000,0.0000,0.0000,-0.361449,20.000000,0.973221,31.00
3.908001,noload-speed,hip_abduction_right_joint,RS03,-0.190792,0.000000,18.000000,0.0000,0.0000,-0.190792,20.000000,-0.348820,31.00
3.915997,noload-speed,hip_abduction_right_joint,RS03,-0.020517,0.000000,18.000000,0.0000,0.0000,-0.020517,20.000000,0.039368,31.00
3.923998,noload-speed,hip_abduction_right_joint,RS03,0.150908,0.000000,18.000000,0.0000,0.0000,0.150908,20.000000,-0.909134,31.00
3.932006,noload-speed,hip_abduction_right_joint,RS03,0.321181,0.000000,18.000000,0.0000,0.0000,0.321181,20.000000,0.151062,31.00
3.940016,noload-speed,hip_abduction_right_joint,RS03,0.491840,0.000000,18.000000,0.0000,0.0000,0.491840,20.000000,-0.013733,31.00
3.948038,noload-speed,hip_abduction_right_joint,RS03,0.662115,0.000000,18.000000,0.0000,0.0000,0.662115,20.000000,1.004349,31.00
3.956022,noload-speed,hip_abduction_right_joint,RS03,0.832772,0.000000,18.000000,0.0000,0.0000,0.832772,20.000000,0.758987,31.00
3.964006,noload-speed,hip_abduction_right_joint,RS03,1.003047,0.000000,18.000000,0.0000,0.0000,1.003047,20.000000,1.189293,31.00
3.972002,noload-speed,hip_abduction_right_joint,RS03,1.173705,0.000000,18.000000,0.0000,0.0000,1.173705,20.000000,0.024719,31.00
3.980000,noload-speed,hip_abduction_right_joint,RS03,1.344363,0.000000,18.000000,0.0000,0.0000,1.344363,20.000000,0.409248,31.00
3.987998,noload-speed,hip_abduction_right_joint,RS03,1.513870,0.000000,18.000000,0.0000,0.0000,1.513870,20.000000,-0.938431,31.00
3.995998,noload-speed,hip_abduction_right_joint,RS03,1.684528,0.000000,18.000000,0.0000,0.0000,1.684528,20.000000,-0.445869,31.00
4.004021,noload-speed,hip_abduction_right_joint,RS03,1.856721,0.000000,18.000000,0.0000,0.0000,1.856721,20.000000,-0.901810,31.00
4.011999,noload-speed,hip_abduction_right_joint,RS03,2.026228,0.000000,18.000000,0.0000,0.0000,2.026228,20.000000,0.848709,31.00
4.020002,noload-speed,hip_abduction_right_joint,RS03,2.198036,0.000000,18.000000,0.0000,0.0000,2.198036,20.000000,0.367134,31.00
4.028000,noload-speed,hip_abduction_right_joint,RS03,2.367543,0.000000,18.000000,0.0000,0.0000,2.367543,20.000000,0.888992,31.00
4.036003,noload-speed,hip_abduction_right_joint,RS03,2.539736,0.000000,18.000000,0.0000,0.0000,2.539736,20.000000,0.396431,31.00
4.044007,noload-speed,hip_abduction_right_joint,RS03,2.710778,0.000000,18.000000,0.0000,0.0000,2.710778,20.000000,0.749832,31.00
4.052005,noload-speed,hip_abduction_right_joint,RS03,2.881818,0.000000,18.000000,0.0000,0.0000,2.881818,20.000000,-0.215153,31.00
4.060003,noload-speed,hip_abduction_right_joint,RS03,3.052860,0.000000,18.000000,0.0000,0.0000,3.052860,20.000000,-0.028381,31.00
4.067998,noload-speed,hip_abduction_right_joint,RS03,3.222752,0.000000,18.000000,0.0000,0.0000,3.222752,20.000000,-0.837723,31.00
4.075996,noload-speed,hip_abduction_right_joint,RS03,3.394560,0.000000,18.000000,0.0000,0.0000,3.394560,20.000000,-0.531929,31.00
4.083998,noload-speed,hip_abduction_right_joint,RS03,3.564450,0.000000,18.000000,0.0000,0.0000,3.564450,20.000000,-0.414742,31.00
4.092105,noload-speed,hip_abduction_right_joint,RS03,3.735108,0.000000,18.000000,0.0000,0.0000,3.735108,20.000000,0.702217,31.00
4.100003,noload-speed,hip_abduction_right_joint,RS03,3.907300,0.000000,18.000000,0.0000,0.0000,3.907300,20.000000,0.464180,31.00
4.108000,noload-speed,hip_abduction_right_joint,RS03,4.078343,0.000000,18.000000,0.0000,0.0000,4.078343,20.000000,0.758987,31.00
4.115999,noload-speed,hip_abduction_right_joint,RS03,4.249000,0.000000,18.000000,0.0000,0.0000,4.249000,20.000000,0.284737,31.00
4.123995,noload-speed,hip_abduction_right_joint,RS03,4.418508,0.000000,18.000000,0.0000,0.0000,4.418508,20.000000,0.200500,31.00
4.131999,noload-speed,hip_abduction_right_joint,RS03,4.590316,0.000000,18.000000,0.0000,0.0000,4.590316,20.000000,-0.251774,31.00
4.140100,noload-speed,hip_abduction_right_joint,RS03,4.760591,0.000000,18.000000,0.0000,0.0000,4.760591,20.000000,-0.828568,31.00
4.148020,noload-speed,hip_abduction_right_joint,RS03,4.931249,0.000000,18.000000,0.0000,0.0000,4.931249,20.000000,-0.649120,31.00
4.156011,noload-speed,hip_abduction_right_joint,RS03,5.101523,0.000000,18.000000,0.0000,0.0000,5.101523,20.000000,-0.229801,31.00
4.164005,noload-speed,hip_abduction_right_joint,RS03,5.271798,0.000000,18.000000,0.0000,0.0000,5.271798,20.000000,0.224304,31.00
4.172001,noload-speed,hip_abduction_right_joint,RS03,5.442454,0.000000,18.000000,0.0000,0.0000,5.442454,20.000000,0.279243,31.00
4.179994,noload-speed,hip_abduction_right_joint,RS03,5.611579,0.000000,18.000000,0.0000,0.0000,5.611579,20.000000,0.713211,31.00
4.187999,noload-speed,hip_abduction_right_joint,RS03,5.781854,0.000000,18.000000,0.0000,0.0000,5.781854,20.000000,0.370796,31.00
4.196000,noload-speed,hip_abduction_right_joint,RS03,5.952128,0.000000,18.000000,0.0000,0.0000,5.952128,20.000000,0.277412,31.00
4.203998,noload-speed,hip_abduction_right_joint,RS03,6.122787,0.000000,18.000000,0.0000,0.0000,6.122787,20.000000,-0.678417,31.00
4.212002,noload-speed,hip_abduction_right_joint,RS03,6.293828,0.000000,18.000000,0.0000,0.0000,6.293828,20.000000,-0.288395,31.00
4.220003,noload-speed,hip_abduction_right_joint,RS03,6.464486,0.000000,18.000000,0.0000,0.0000,6.464486,20.000000,-0.502632,31.00
4.228002,noload-speed,hip_abduction_right_joint,RS03,6.633611,0.000000,18.000000,0.0000,0.0000,6.633611,20.000000,0.519112,31.00
4.236004,noload-speed,hip_abduction_right_joint,RS03,6.805417,0.000000,18.000000,0.0000,0.0000,6.805417,20.000000,0.213318,31.00
4.244010,noload-speed,hip_abduction_right_joint,RS03,6.975692,0.000000,18.000000,0.0000,0.0000,6.975692,20.000000,1.412682,31.00
4.252007,noload-speed,hip_abduction_right_joint,RS03,7.146350,0.000000,18.000000,0.0000,0.0000,7.146350,20.000000,0.389107,31.00
4.260004,noload-speed,hip_abduction_right_joint,RS03,7.315475,0.000000,18.000000,0.0000,0.0000,7.315475,20.000000,0.705887,31.00
4.268001,noload-speed,hip_abduction_right_joint,RS03,7.486899,0.000000,18.000000,0.0000,0.0000,7.486899,20.000000,-0.099792,31.00
4.276002,noload-speed,hip_abduction_right_joint,RS03,7.657557,0.000000,18.000000,0.0000,0.0000,7.657557,20.000000,0.140076,31.00
4.284001,noload-speed,hip_abduction_right_joint,RS03,7.828216,0.000000,18.000000,0.0000,0.0000,7.828216,20.000000,-0.898148,31.00
4.292051,noload-speed,hip_abduction_right_joint,RS03,8.000024,0.000000,18.000000,0.0000,0.0000,8.000024,20.000000,-0.240788,31.00
4.300014,noload-speed,hip_abduction_right_joint,RS03,8.169532,0.000000,18.000000,0.0000,0.0000,8.169532,20.000000,-0.367134,31.00
4.308007,noload-speed,hip_abduction_right_joint,RS03,8.340190,0.000000,18.000000,0.0000,0.0000,8.340190,20.000000,1.154495,31.00
4.316005,noload-speed,hip_abduction_right_joint,RS03,8.511231,0.000000,18.000000,0.0000,0.0000,8.511231,20.000000,0.517281,31.00
4.324003,noload-speed,hip_abduction_right_joint,RS03,8.681121,0.000000,18.000000,0.0000,0.0000,8.681121,20.000000,1.377892,31.00
4.331999,noload-speed,hip_abduction_right_joint,RS03,8.852546,0.000000,18.000000,0.0000,0.0000,8.852546,20.000000,0.086975,31.00
4.340001,noload-speed,hip_abduction_right_joint,RS03,9.024356,0.000000,18.000000,0.0000,0.0000,9.024356,20.000000,0.592354,31.00
4.348002,noload-speed,hip_abduction_right_joint,RS03,9.195397,0.000000,18.000000,0.0000,0.0000,9.195397,20.000000,-0.162052,31.00
4.356016,noload-speed,hip_abduction_right_joint,RS03,9.366054,0.000000,18.000000,0.0000,0.0000,9.366054,20.000000,-0.297550,31.00
4.364000,noload-speed,hip_abduction_right_joint,RS03,9.537095,0.000000,18.000000,0.0000,0.0000,9.537095,20.000000,-0.969559,31.00
4.371998,noload-speed,hip_abduction_right_joint,RS03,9.707755,0.000000,18.000000,0.0000,0.0000,9.707755,20.000000,0.418404,31.00
4.380002,noload-speed,hip_abduction_right_joint,RS03,9.878030,0.000000,18.000000,0.0000,0.0000,9.878030,20.000000,0.205994,31.00
4.387999,noload-speed,hip_abduction_right_joint,RS03,10.048686,0.000000,18.000000,0.0000,0.0000,10.048686,20.000000,0.912796,31.00
4.396058,noload-speed,hip_abduction_right_joint,RS03,10.220878,0.000000,18.000000,0.0000,0.0000,10.220878,20.000000,0.581367,31.00
4.404067,noload-speed,hip_abduction_right_joint,RS03,10.392688,0.000000,18.000000,0.0000,0.0000,10.392688,20.000000,0.788284,31.00
4.412024,noload-speed,hip_abduction_right_joint,RS03,10.562196,0.000000,18.000000,0.0000,0.0000,10.562196,20.000000,0.030212,31.00
4.420019,noload-speed,hip_abduction_right_joint,RS03,10.732852,0.000000,18.000000,0.0000,0.0000,10.732852,20.000000,0.262764,31.00
4.428015,noload-speed,hip_abduction_right_joint,RS03,10.903510,0.000000,18.000000,0.0000,0.0000,10.903510,20.000000,-0.698559,31.00
4.436015,noload-speed,hip_abduction_right_joint,RS03,11.074168,0.000000,18.000000,0.0000,0.0000,11.074168,20.000000,-0.687572,31.00
4.444010,noload-speed,hip_abduction_right_joint,RS03,11.244443,0.000000,18.000000,0.0000,0.0000,11.244443,20.000000,-0.116272,31.00
4.452125,noload-speed,hip_abduction_right_joint,RS03,11.414718,0.000000,18.000000,0.0000,0.0000,11.414718,20.000000,0.548409,31.00
4.460084,noload-speed,hip_abduction_right_joint,RS03,11.586526,0.000000,18.000000,0.0000,0.0000,11.586526,20.000000,0.541084,31.00
4.468037,noload-speed,hip_abduction_right_joint,RS03,11.755651,0.000000,18.000000,0.0000,0.0000,11.755651,20.000000,0.806595,31.00
4.476014,noload-speed,hip_abduction_right_joint,RS03,11.925923,0.000000,18.000000,0.0000,0.0000,11.925923,20.000000,0.594185,31.00
4.484062,noload-speed,hip_abduction_right_joint,RS03,12.096965,0.000000,18.000000,0.0000,0.0000,12.096965,20.000000,0.438545,31.00
4.492019,noload-speed,hip_abduction_right_joint,RS03,12.266473,0.000000,18.000000,0.0000,0.0000,12.266473,20.000000,-0.044861,31.00
4.500011,noload-speed,hip_abduction_right_joint,RS03,12.436748,0.000000,18.000000,0.0000,0.0000,12.436748,20.000000,-0.896317,31.00
4.508008,noload-speed,hip_abduction_right_joint,RS03,-12.518434,0.000000,18.000000,0.0000,0.0000,-12.518434,20.000000,-0.645458,31.00
4.515999,noload-speed,hip_abduction_right_joint,RS03,-12.348159,0.000000,18.000000,0.0000,0.0000,-12.348159,20.000000,-0.577705,31.00
4.524005,noload-speed,hip_abduction_right_joint,RS03,-12.177884,0.000000,18.000000,0.0000,0.0000,-12.177884,20.000000,0.638130,31.00
4.532003,noload-speed,hip_abduction_right_joint,RS03,-12.007610,0.000000,18.000000,0.0000,0.0000,-12.007610,20.000000,0.661934,31.00
4.543998,noload-speed,hip_abduction_right_joint,RS03,-11.751815,0.000000,18.000000,0.0000,0.0000,-11.751815,20.000000,-0.215153,31.00
4.551999,noload-speed,hip_abduction_right_joint,RS03,-11.581540,0.000000,18.000000,0.0000,0.0000,-11.581540,20.000000,0.859695,31.00
4.560004,noload-speed,hip_abduction_right_joint,RS03,-11.412033,0.000000,18.000000,0.0000,0.0000,-11.412033,20.000000,0.436714,31.00
4.568001,noload-speed,hip_abduction_right_joint,RS03,-11.240225,0.000000,18.000000,0.0000,0.0000,-11.240225,20.000000,0.843216,31.00
4.576003,noload-speed,hip_abduction_right_joint,RS03,-11.069567,0.000000,18.000000,0.0000,0.0000,-11.069567,20.000000,0.088806,31.00
4.584258,noload-speed,hip_abduction_right_joint,RS03,-10.893539,0.000000,18.000000,0.0000,0.0000,-10.893539,20.000000,0.835892,31.00
4.592163,noload-speed,hip_abduction_right_joint,RS03,-10.728251,0.000000,18.000000,0.0000,0.0000,-10.728251,20.000000,-0.019226,31.00
4.600023,noload-speed,hip_abduction_right_joint,RS03,-10.557592,0.000000,18.000000,0.0000,0.0000,-10.557592,20.000000,-0.207829,31.00
4.608008,noload-speed,hip_abduction_right_joint,RS03,-10.386551,0.000000,18.000000,0.0000,0.0000,-10.386551,20.000000,-0.839554,31.00
4.616006,noload-speed,hip_abduction_right_joint,RS03,-10.215893,0.000000,18.000000,0.0000,0.0000,-10.215893,20.000000,-0.586864,31.00
4.624004,noload-speed,hip_abduction_right_joint,RS03,-10.046002,0.000000,18.000000,0.0000,0.0000,-10.046002,20.000000,-0.585030,31.00
4.632005,noload-speed,hip_abduction_right_joint,RS03,-9.874193,0.000000,18.000000,0.0000,0.0000,-9.874193,20.000000,0.444038,31.00
4.640004,noload-speed,hip_abduction_right_joint,RS03,-9.704303,0.000000,18.000000,0.0000,0.0000,-9.704303,20.000000,0.683907,31.00
4.648003,noload-speed,hip_abduction_right_joint,RS03,-9.532494,0.000000,18.000000,0.0000,0.0000,-9.532494,20.000000,0.861526,31.00
4.656005,noload-speed,hip_abduction_right_joint,RS03,-9.361452,0.000000,18.000000,0.0000,0.0000,-9.361452,20.000000,0.575874,31.00
4.664003,noload-speed,hip_abduction_right_joint,RS03,-9.191562,0.000000,18.000000,0.0000,0.0000,-9.191562,20.000000,0.189514,31.00
4.672001,noload-speed,hip_abduction_right_joint,RS03,-9.020520,0.000000,18.000000,0.0000,0.0000,-9.020520,20.000000,-0.409248,31.00
4.680002,noload-speed,hip_abduction_right_joint,RS03,-8.848712,0.000000,18.000000,0.0000,0.0000,-8.848712,20.000000,-0.444038,31.00
4.688005,noload-speed,hip_abduction_right_joint,RS03,-8.677670,0.000000,18.000000,0.0000,0.0000,-8.677670,20.000000,-0.813915,31.00
4.696003,noload-speed,hip_abduction_right_joint,RS03,-8.507012,0.000000,18.000000,0.0000,0.0000,-8.507012,20.000000,-0.517281,31.00
4.704001,noload-speed,hip_abduction_right_joint,RS03,-8.335971,0.000000,18.000000,0.0000,0.0000,-8.335971,20.000000,-0.411079,31.00
4.712001,noload-speed,hip_abduction_right_joint,RS03,-8.165313,0.000000,18.000000,0.0000,0.0000,-8.165313,20.000000,0.429390,31.00
4.720003,noload-speed,hip_abduction_right_joint,RS03,-7.994655,0.000000,18.000000,0.0000,0.0000,-7.994655,20.000000,0.755325,31.00
4.728001,noload-speed,hip_abduction_right_joint,RS03,-7.823997,0.000000,18.000000,0.0000,0.0000,-7.823997,20.000000,0.524605,31.00
4.736001,noload-speed,hip_abduction_right_joint,RS03,-7.653339,0.000000,18.000000,0.0000,0.0000,-7.653339,20.000000,0.667427,31.00
4.744001,noload-speed,hip_abduction_right_joint,RS03,-7.483831,0.000000,18.000000,0.0000,0.0000,-7.483831,20.000000,-0.332340,31.00
4.752003,noload-speed,hip_abduction_right_joint,RS03,-7.313557,0.000000,18.000000,0.0000,0.0000,-7.313557,20.000000,-0.184025,31.00
4.760001,noload-speed,hip_abduction_right_joint,RS03,-7.141748,0.000000,18.000000,0.0000,0.0000,-7.141748,20.000000,-0.605175,31.00
4.768003,noload-speed,hip_abduction_right_joint,RS03,-6.971474,0.000000,18.000000,0.0000,0.0000,-6.971474,20.000000,-0.041199,31.00
4.776001,noload-speed,hip_abduction_right_joint,RS03,-6.801199,0.000000,18.000000,0.0000,0.0000,-6.801199,20.000000,0.238960,31.00
4.784002,noload-speed,hip_abduction_right_joint,RS03,-6.630925,0.000000,18.000000,0.0000,0.0000,-6.630925,20.000000,0.947586,31.00
4.792001,noload-speed,hip_abduction_right_joint,RS03,-6.460650,0.000000,18.000000,0.0000,0.0000,-6.460650,20.000000,0.596016,31.00
4.800001,noload-speed,hip_abduction_right_joint,RS03,-6.291143,0.000000,18.000000,0.0000,0.0000,-6.291143,20.000000,1.447472,31.00
4.808002,noload-speed,hip_abduction_right_joint,RS03,-6.119719,0.000000,18.000000,0.0000,0.0000,-6.119719,20.000000,0.061340,31.00
4.816002,noload-speed,hip_abduction_right_joint,RS03,-5.949827,0.000000,18.000000,0.0000,0.0000,-5.949827,20.000000,0.372627,32.00
4.824001,noload-speed,hip_abduction_right_joint,RS03,-5.779170,0.000000,18.000000,0.0000,0.0000,-5.779170,20.000000,-0.647289,31.00
4.832002,noload-speed,hip_abduction_right_joint,RS03,-5.608894,0.000000,18.000000,0.0000,0.0000,-5.608894,20.000000,-0.107117,31.00
4.840002,noload-speed,hip_abduction_right_joint,RS03,-5.439387,0.000000,18.000000,0.0000,0.0000,-5.439387,20.000000,-0.535591,31.00
4.848001,noload-speed,hip_abduction_right_joint,RS03,-5.267962,0.000000,18.000000,0.0000,0.0000,-5.267962,20.000000,1.086746,32.00
4.856002,noload-speed,hip_abduction_right_joint,RS03,-5.097688,0.000000,18.000000,0.0000,0.0000,-5.097688,20.000000,0.422066,31.00
4.864010,noload-speed,hip_abduction_right_joint,RS03,-4.927030,0.000000,18.000000,0.0000,0.0000,-4.927030,20.000000,1.150833,31.00
4.871997,noload-speed,hip_abduction_right_joint,RS03,-4.757139,0.000000,18.000000,0.0000,0.0000,-4.757139,20.000000,0.295723,31.00
4.880005,noload-speed,hip_abduction_right_joint,RS03,-4.585713,0.000000,18.000000,0.0000,0.0000,-4.585713,20.000000,0.898148,32.00
4.887998,noload-speed,hip_abduction_right_joint,RS03,-4.415823,0.000000,18.000000,0.0000,0.0000,-4.415823,20.000000,-0.541084,32.00
4.896002,noload-speed,hip_abduction_right_joint,RS03,-4.245165,0.000000,18.000000,0.0000,0.0000,-4.245165,20.000000,-0.387276,31.00
4.907995,noload-speed,hip_abduction_right_joint,RS03,-3.988986,0.000000,18.000000,0.0000,0.0000,-3.988986,20.000000,0.401924,31.00
4.915996,noload-speed,hip_abduction_right_joint,RS03,-3.817945,0.000000,18.000000,0.0000,0.0000,-3.817945,20.000000,0.440376,32.00
4.924003,noload-speed,hip_abduction_right_joint,RS03,-3.645753,0.000000,18.000000,0.0000,0.0000,-3.645753,20.000000,-0.248112,32.00
4.931998,noload-speed,hip_abduction_right_joint,RS03,-3.474711,0.000000,18.000000,0.0000,0.0000,-3.474711,20.000000,-0.149235,32.00
4.940004,noload-speed,hip_abduction_right_joint,RS03,-3.303670,0.000000,18.000000,0.0000,0.0000,-3.303670,20.000000,-0.619823,31.00
4.948003,noload-speed,hip_abduction_right_joint,RS03,-3.133012,0.000000,18.000000,0.0000,0.0000,-3.133012,20.000000,-0.059509,31.00
4.955997,noload-speed,hip_abduction_right_joint,RS03,-2.963120,0.000000,18.000000,0.0000,0.0000,-2.963120,20.000000,0.074158,32.00
4.964010,noload-speed,hip_abduction_right_joint,RS03,-2.791312,0.000000,18.000000,0.0000,0.0000,-2.791312,20.000000,0.852371,32.00
4.972009,noload-speed,hip_abduction_right_joint,RS03,-2.620271,0.000000,18.000000,0.0000,0.0000,-2.620271,20.000000,0.654610,31.00
4.979999,noload-speed,hip_abduction_right_joint,RS03,-2.449613,0.000000,18.000000,0.0000,0.0000,-2.449613,20.000000,1.279015,32.00
4.988005,noload-speed,hip_abduction_right_joint,RS03,-2.278955,0.000000,18.000000,0.0000,0.0000,-2.278955,20.000000,0.255440,32.00
4.996001,noload-speed,hip_abduction_right_joint,RS03,-2.109064,0.000000,18.000000,0.0000,0.0000,-2.109064,20.000000,0.546577,32.00
